nama_tempat,alamat,jenis_bisnis,rating,jumlah_bintang,jumlah_review,jam_operasional,harga,latitude,longitude,telepon,no,kecamatan,kelurahan
BAKSU (Bakmie & Katsu),"Jl. Timoho Bar. III No.38, Bulusan, Kec. Tembalang, Kota Semarang, Jawa Tengah 50277",Restoran Mie,4.3,5,144.0,Rabu 09.00–21.00  | Kamis 09.00–21.00  | Jumat 09.00–21.00  | Sabtu 09.00–21.00  | Minggu 09.00–21.00  | Senin 09.00–21.00  | Selasa 09.00–21.00,Rp 1–25.000,-7.057076,110.444335,0895-3605-97975,2,Tembalang,Bulusan
Bakmi Surabaya Cak Dul 2,"Jl. Mulawarman Selatan Raya No.18, Kramas, Kec. Tembalang, Kota Semarang, Jawa Tengah 50278",Restoran Mie,4.0,5,495.0,Rabu 07.30–23.30  | Kamis 07.30–23.30  | Jumat 07.30–23.30  | Sabtu 07.30–23.30  | Minggu 07.30–23.30  | Senin 07.30–23.30  | Selasa 07.30–23.30,Rp 1–25.000,-7.0682042,110.4372738,0821-3400-6730,3,Tembalang,Kramas
Bakmi Juned,"Jl. Sambiroto, Kedungmundu, Kec. Tembalang, Kota Semarang, Jawa Tengah 50276",Restoran Mie,4.7,5,158.0,Rabu 17.00–00.00  | Kamis 17.00–00.00  | Jumat 17.00–00.00  | Sabtu 17.00–00.00  | Minggu Tutup  | Senin Tutup  | Selasa 17.00–00.00,Rp 1–25.000,-7.0240155,110.4587897,,5,Tembalang,Kedungmundu
"Bakmie Jowo ""Mas Anto""","Jl. Sinar Waluyo Utara, Kedungmundu, Kec. Tembalang, Kota Semarang, Jawa Tengah 50273",Restoran Mie,4.5,5,61.0,Rabu 17.30–00.00  | Kamis Tutup  | Jumat 17.30–00.00  | Sabtu 17.30–00.00  | Minggu 17.30–00.00  | Senin 17.30–00.00  | Selasa 17.30–00.00,,-7.0244593,110.4737553,0896-6801-4356,6,Tembalang,Kedungmundu
Bakmi Surabaya Cak Baron,"XFC9+768, Jl. Ketileng Raya, Sendangmulyo, Kec. Tembalang, Kota Semarang, Jawa Tengah 50272",Restoran Mie,4.6,5,27.0,Rabu 18.45–23.45  | Kamis 18.45–23.45  | Jumat 18.45–23.45  | Sabtu 18.45–23.45  | Minggu 18.45–23.45  | Senin 18.45–23.45  | Selasa 18.45–23.45,,-7.0293254,110.4680778,,8,Tembalang,Sendangmulyo
Bakmi Dan Nasi Goreng Cak Budi,"Jl. Kompol R. Sukamto, Sambiroto, Kec. Tembalang, Kota Semarang, Jawa Tengah 50276",Restoran Nasi Goreng,4.7,5,138.0,Rabu 12.00–00.00  | Kamis 12.00–00.00  | Jumat 12.00–00.00  | Sabtu 12.00–00.00  | Minggu 12.00–00.00  | Senin 12.00–00.00  | Selasa 12.00–00.00,Rp 1–25.000,-7.0349665,110.4578418,0877-0025-4333,9,Tembalang,Sambiroto
Bakmie Suroboyo,"XFHC+JFF, Jl. Mukharom, Kedungmundu, Kec. Tembalang, Kota Semarang, Jawa Tengah 50273",Restoran Mie,4.6,5,5.0,Rabu 12.00–22.00  | Kamis 12.00–22.00  | Jumat 12.00–22.00  | Sabtu 12.00–22.00  | Minggu 12.00–22.00  | Senin 12.00–22.00  | Selasa 12.00–22.00,,-7.0209261,110.4711605,,11,Tembalang,Kedungmundu
Bakmi Surabaya cak zun,"Jl. Kompol R. Soekanto, kota, Sambiroto, Kec. Tembalang, Kota Semarang, Jawa Tengah 50272",Restoran Mie,4.3,5,44.0,Rabu 16.00–23.30  | Kamis 16.00–23.30  | Jumat 16.00–23.30  | Sabtu 16.00–23.30  | Minggu 16.00–23.30  | Senin 16.00–23.30  | Selasa 16.00–23.30,Rp 1–25.000,-7.0277046,110.459498,0857-1312-5010,12,Tembalang,Sambiroto
Bakmi Jowo Mas Agus,"XF69+X82, Jl. Gendong Raya, Mangunharjo, Kec. Tembalang, Kota Semarang, Jawa Tengah 50272",Restoran Mie,4.6,5,29.0,Rabu 17.00–00.00  | Kamis 17.00–00.00  | Jumat 17.00–00.00  | Sabtu 17.00–00.00  | Minggu 17.00–00.00  | Senin 17.00–00.00  | Selasa 17.00–00.00,,-7.0376188,110.468281,0819-0437-2937,13,Tembalang,Mangunharjo
Bakmie Pak Wi',"XFM8+HM8, Jl. Amposari Raya, Kedungmundu, Kec. Tembalang, Kota Semarang, Jawa Tengah 50273",Restoran Mie,4.5,5,44.0,Rabu 17.00–00.00  | Kamis 17.00–00.00  | Jumat 17.00–00.00  | Sabtu 17.00–00.00  | Minggu 17.00–00.00  | Senin 17.00–00.00  | Selasa 17.00–00.00,Rp 1–25.000,-7.0160845,110.466717,0821-2831-6087,14,Tembalang,Kedungmundu
Bakmie Surabaya Mas Nopi,"Jl. Rogojembangan Raya No.147-151, Tandang, Kec. Tembalang, Kota Semarang, Jawa Tengah 50274",Restoran Mie,5.0,5,7.0,Rabu 17.00–00.00  | Kamis 17.00–00.00  | Jumat 17.00–00.00  | Sabtu 17.00–00.00  | Minggu 17.00–00.00  | Senin 17.00–00.00  | Selasa 17.00–00.00,,-7.015127,110.4486258,0856-3258-158,15,Tembalang,Tandang
Bakmi Jowo Mas Agus,"Jl. Sambiroto Raya No.6, Sambiroto, Kec. Tembalang, Kota Semarang, Jawa Tengah 50276",Restoran Mie,4.5,5,99.0,Rabu 17.00–02.00  | Kamis 17.00–02.00  | Jumat 17.00–02.00  | Sabtu 17.00–02.00  | Minggu 17.00–02.00  | Senin 17.00–02.00  | Selasa 17.00–02.00,,-7.0323598,110.45811,0858-0213-9915,16,Tembalang,Sambiroto
BAKMI JOWO KANG DOEL,"XFH4+HPR, Kedungmundu, Kec. Tembalang, Kota Semarang, Jawa Tengah 50274",Restoran Mie,4.9,5,16.0,Rabu 15.30–23.30  | Kamis 15.30–23.30  | Jumat 15.30–23.30  | Sabtu 15.30–23.30  | Minggu 15.30–23.30  | Senin 15.30–23.30  | Selasa 15.30–23.30,,-7.0210026,110.4567797,0812-2556-0512,18,Tembalang,Kedungmundu
BAKMI JOWO GM GAJAH MAKMUR,"Jl. Gayamsari Selatan I No.47, Sendangguwo, Kec. Tembalang, Kota Semarang, Jawa Tengah 50248",Restoran,4.9,5,30.0,Rabu 10.00–02.00  | Kamis 10.00–02.00  | Jumat 10.00–02.00  | Sabtu 10.00–02.00  | Minggu 10.00–02.00  | Senin 10.00–02.00  | Selasa 10.00–02.00,Rp 1–25.000,-7.0073053,110.4488455,0823-2276-4326,19,Tembalang,Sendangguwo
PONDOK Bakmi Surabaya Cak DUL,"WFV7+478, Jl. Profesor Suharso, Meteseh, Kec. Tembalang, Kota Semarang, Jawa Tengah 50277",Warung Makanan Kecil,3.9,5,14.0,Rabu 16.00–23.00  | Kamis 16.00–23.00  | Jumat 16.00–23.00  | Sabtu 16.00–23.00  | Minggu 16.00–23.00  | Senin 16.00–23.00  | Selasa 16.00–23.00,,-7.0572049,110.4631895,0813-2515-7257,23,Tembalang,Meteseh
"Bakmi Surabaya ""cak Pri""","Blok D No, Jl. Klipang Raya Blk. G No.6, Sendangmulyo, Kec. Tembalang, Kota Semarang, Jawa Tengah 50272",Restoran Mie,4.1,5,82.0,Rabu 16.00–23.30  | Kamis 16.00–23.30  | Jumat 16.00–23.30  | Sabtu 16.00–23.30  | Minggu 16.00–23.30  | Senin 16.00–23.30  | Selasa 16.00–23.30,Rp 1–25.000,-7.0411434,110.4792524,0813-2559-2036,26,Tembalang,Sendangmulyo
Bakmi Kongsian,"Ruko AD, Ruko, Jl. Bukit Kencana Jaya Jl. Boulevard No.25, Meteseh, Kec. Tembalang, Kota Semarang, Jawa Tengah 50271",Rumah Makan,4.8,5,20.0,Tidak ada info jam buka,Rp 1–25.000,-7.0653515,110.4610172,,28,Tembalang,Meteseh
Bakmie Jowo Mas Jenggot,"Jl. Klipang Raya No.26, Sendangmulyo, Kec. Tembalang, Kota Semarang, Jawa Tengah 50272",Restoran Mie,4.3,5,27.0,Tidak ada info jam buka,Rp 1–25.000,-7.0372521,110.474049,,30,Tembalang,Sendangmulyo
Bakmi Jowo Pak Brewok,"Jl. Klipang Raya Permai Blok G23, Sendangmulyo, Kec. Tembalang, Kota Semarang, Jawa Tengah 50272",Restoran Mie,4.8,5,77.0,Rabu 17.00–23.00  | Kamis 17.00–23.00  | Jumat 17.00–23.00  | Sabtu 17.00–23.00  | Minggu 17.00–23.00  | Senin 17.00–23.00  | Selasa 17.00–23.00,Rp 1–25.000,-7.0427822,110.4791285,0821-3485-7772,33,Tembalang,Sendangmulyo
Bakmi Surabaya,"Jalan Rowosari Raya, Jl. Talang Jl. Baskoro Raya, Meteseh, Kec. Tembalang, Kota Semarang, Jawa Tengah 50271",Restoran Mie,3.8,5,10.0,Rabu 17.00–00.00  | Kamis 17.00–00.00  | Jumat 17.00–00.00  | Sabtu 17.00–00.00  | Minggu 17.00–00.00  | Senin 17.00–00.00  | Selasa 17.00–00.00,,-7.0580499,110.4710327,0813-2669-4979,35,Tembalang,Meteseh
"BAKMI SUROBOYO MAS NDUT (YUDI),METESEH","Jl. Raya Sendangmulyo, Meteseh, Kec. Tembalang, Kota Semarang, Jawa Tengah 50271",Restoran Mie,4.3,5,8.0,Rabu 17.30–23.00  | Kamis 17.30–23.00  | Jumat 17.30–23.00  | Sabtu 17.30–23.00  | Minggu 17.30–23.00  | Senin 17.30–23.00  | Selasa 17.30–23.00,,-7.0528544,110.4714665,0878-3106-0032,37,Tembalang,Meteseh
BAKMIE SURABAYA CAK BAGUS GROUP,"WFVC+7CQ, Jl. Raya Sendangmulyo, Meteseh, Kec. Tembalang, Kota Semarang, Jawa Tengah 50271",Restoran Mie,4.4,5,13.0,Tidak ada info jam buka,Rp 1–25.000,-7.0567754,110.4711082,0821-3331-2021,38,Tembalang,Meteseh
Pondok Bakmi Bu Tarno,"XFG5+P9F, Jalan Jl. Kedungmundu, Kedungmundu, Tembalang, Semarang City, Central Java 50273",Kafe,4.4,5,97.0,Rabu 18.00–00.00  | Kamis 18.00–00.00  | Jumat 18.00–00.00  | Sabtu 18.00–00.00  | Minggu 18.00–00.00  | Senin 18.00–00.00  | Selasa 18.00–00.00,Rp 1–25.000,-7.023199,110.4584241,085287830644,44,Tembalang,Kedungmundu
Bakmi Jowo Mas Ndut,"Jl. Dinar Elok Raya No.K2 No.5, Meteseh, Kec. Tembalang, Kota Semarang, Jawa Tengah 50271",Restoran Mie,3.8,5,21.0,Rabu 16.30–00.00  | Kamis 16.30–00.00  | Jumat 16.30–00.00  | Sabtu 16.30–00.00  | Minggu 16.30–00.00  | Senin 16.30–00.00  | Selasa 16.30–00.00,Rp 1–25.000,-7.0603978,110.4691213,,45,Tembalang,Meteseh
Bakmi Jowo Pak Gito,"XFF5+9Q6, Jl. Sambiroto Raya, Sambiroto, Kec. Tembalang, Kota Semarang, Jawa Tengah 50276",Restoran Mie,4.3,5,22.0,Rabu 17.00–00.00  | Kamis 17.00–00.00  | Jumat 17.00–00.00  | Sabtu 17.00–00.00  | Minggu 17.00–00.00  | Senin 17.00–00.00  | Selasa 17.00–00.00,Rp 1–25.000,-7.0265843,110.4593769,0812-2527-7968,46,Tembalang,Sambiroto
Bakmi jowo Petruk,"Jl. Fatmawati No.175, Kedungmundu, Kec. Tembalang, Kota Semarang, Jawa Tengah 50273",Restoran Mie,4.3,5,11.0,Rabu Buka 24 jam  | Kamis Buka 24 jam  | Jumat Buka 24 jam  | Sabtu Buka 24 jam  | Minggu Buka 24 jam  | Senin Buka 24 jam  | Selasa Buka 24 jam,Rp 1–25.000,-7.023638,110.4683441,0889-3316-417,49,Tembalang,Kedungmundu
Bakmi jowo dan nasi goreng bintang lima,"Depas puskesmas Jl. Kompol R Soekanto, Mangunharjo, Kec. Tembalang, Kota Semarang, Jawa Tengah 50272",Restoran Nasi Goreng,5.0,5,16.0,Rabu 17.00–00.00  | Kamis 17.00–00.00  | Jumat 17.00–00.00  | Sabtu 17.00–00.00  | Minggu 17.00–00.00  | Senin 17.00–00.00  | Selasa 17.00–00.00,Rp 1–25.000,-7.0447647,110.460857,0813-2900-2728,50,Tembalang,Mangunharjo
Bakmi Jowo Bu Hadi,"Jalan Prof. Suharso ,Meteseh, Tembalang, Meteseh, Kec. Tembalang, Kota Semarang, Jawa Tengah 50271",Restoran Mie,4.0,5,28.0,Rabu 16.30–00.00  | Kamis 16.30–00.00  | Jumat 16.30–00.00  | Sabtu 16.30–00.00  | Minggu 16.30–00.00  | Senin 16.30–00.00  | Selasa 16.30–00.00,Rp 1–25.000,-7.0567136,110.4647068,0812-4248-4643,51,Tembalang,Meteseh
Bakmi Jowo Nasi Goreng KADONG TRESNO,"Jl. Sambiroto Raya No.45A, Sambiroto, Kec. Tembalang, Kota Semarang, Jawa Tengah 50276",Restoran Mie,3.1,5,64.0,Rabu 17.00–01.00  | Kamis 17.00–01.00  | Jumat 17.00–01.00  | Sabtu 17.00–01.00  | Minggu 17.00–01.00  | Senin 17.00–01.00  | Selasa 17.00–01.00,Rp 1–25.000,-7.0299685,110.4589556,0821-3525-5678,54,Tembalang,Sambiroto
Bakmi Jowo Risqi,"Jl. Bougenville Dalam No.Raya, Sendangmulyo, Kec. Tembalang, Kota Semarang, Jawa Tengah 50272",Restoran Mie,4.7,5,7.0,Rabu 17.00–00.00  | Kamis 17.00–00.00  | Jumat 17.00–00.00  | Sabtu 17.00–00.00  | Minggu 17.00–00.00  | Senin 17.00–00.00  | Selasa 17.00–00.00,,-7.0448404,110.4744183,0898-3327-48701,55,Tembalang,Sendangmulyo
Bakmi Jowo Mas Nang,"perum klipang Blk. P XIV, Sendangmulyo, Tembalang, Semarang City, Central Java 50272",Restoran Mie,4.7,5,6.0,Rabu 17.00–00.00  | Kamis 17.00–00.00  | Jumat 17.00–00.00  | Sabtu 17.00–00.00  | Minggu 17.00–00.00  | Senin 17.00–00.00  | Selasa 17.00–00.00,Rp 1–25.000,-7.0449503,110.479215,,56,Tembalang,Sendangmulyo
Bakmi jowo pak wito,"Jl. Klipang Raya, Sendangmulyo, Kec. Tembalang, Kota Semarang, Jawa Tengah 50272",Restoran Asia,3.9,5,16.0,Rabu 17.00–01.00  | Kamis 17.00–01.00  | Jumat 17.00–01.00  | Sabtu 17.00–01.00  | Minggu 17.00–01.00  | Senin 17.00–01.00  | Selasa 17.00–01.00,,-7.0377394,110.4766588,0851-0010-6508,58,Tembalang,Sendangmulyo
Bakmi Jowo Mas Jon,"XF2H+RJR, Bundaran Simpang 4 Jl. Klipang, Sendangmulyo, Tembalang, Semarang City, Central Java 50272",Restoran Mie,4.4,5,5.0,Rabu 17.00–23.00  | Kamis 17.00–23.00  | Jumat 17.00–23.00  | Sabtu 17.00–23.00  | Minggu 17.00–23.00  | Senin 17.00–23.00  | Selasa 17.00–23.00,Rp 1–25.000,-7.0478897,110.4790064,,59,Tembalang,Sendangmulyo
Bakmi Nyemek Keluarga,"Perum Jl. Wanamukti No.16 Blok E4, Sambiroto, Tembalang, Semarang City, Central Java 50276",Restoran Mie,4.1,5,9.0,Rabu 10.00–22.00  | Kamis 10.00–22.00  | Jumat 10.00–22.00  | Sabtu 10.00–22.00  | Minggu 10.00–22.00  | Senin 10.00–22.00  | Selasa 10.00–22.00,,-7.0307018,110.4614157,0858-7066-7204,60,Tembalang,Sambiroto
Bakmi Jowo Pak Waris 2,"XFC9+W3W, Jl. Ketileng Raya, Sendangmulyo, Kec. Tembalang, Kota Semarang, Jawa Tengah 50272",Restoran Mie,4.3,5,14.0,Rabu 16.00–00.00  | Kamis 16.00–00.00  | Jumat 16.00–00.00  | Sabtu 16.00–00.00  | Minggu 16.00–00.00  | Senin 16.00–00.00  | Selasa 16.00–00.00,Rp 1–25.000,-7.027648,110.467695,0858-7550-5366,62,Tembalang,Sendangmulyo
Nasi Goreng & Bakmi Jawa (Graha Metro),"Graha Metro No.12B Blk B, Meteseh, Kec. Tembalang, Kota Semarang, Jawa Tengah 50271",Restoran,4.0,5,24.0,Rabu 15.00–00.00  | Kamis 15.00–00.00  | Jumat 15.00–00.00  | Sabtu 15.00–00.00  | Minggu 15.00–00.00  | Senin 15.00–00.00  | Selasa 15.00–00.00,Rp 1–25.000,-7.0594698,110.4768222,0856-4334-8465,63,Tembalang,Meteseh
Bakmi Jowo Solo,"Jl. Tulus Harapan No.4 Blk C, Sendangmulyo, Kec. Tembalang, Kota Semarang, Jawa Tengah 50272",Restoran Mie,5.0,5,1.0,Rabu 17.00–00.00  | Kamis 17.00–00.00  | Jumat 17.00–00.00  | Sabtu 17.00–00.00  | Minggu 17.00–00.00  | Senin 17.00–00.00  | Selasa 17.00–00.00,,-7.0354066,110.4690581,0856-2751-314,64,Tembalang,Sendangmulyo
Bakmi Jowo Sederhana,"Jl. Tegal Kangkung 14 No.224, Kedungmundu, Kec. Tembalang, Kota Semarang, Jawa Tengah 50273",Restoran Mie,4.3,5,4.0,Rabu 18.00–00.00  | Kamis 18.00–00.00  | Jumat 18.00–00.00  | Sabtu 18.00–00.00  | Minggu 18.00–00.00  | Senin 18.00–00.00  | Selasa 18.00–00.00,,-7.0232436,110.4689316,,66,Tembalang,Kedungmundu
Bakmi Jowo Pak Harno,"WFQ7+R2R, Meteseh, Kec. Tembalang, Kota Semarang, Jawa Tengah 50271",Restoran Mie,4.2,5,5.0,Rabu 17.00–02.00  | Kamis 17.00–02.00  | Jumat 17.00–02.00  | Sabtu 17.00–02.00  | Minggu 17.00–02.00  | Senin 17.00–02.00  | Selasa 17.00–02.00,Rp 1–25.000,-7.0603807,110.4625198,,67,Tembalang,Meteseh
Bakmi surabaya mas gondrong,"Klipang blok R 7 No.7, RT.05/RW.06, Sendangmulyo, Kec. Tembalang, Kota Semarang, Jawa Tengah 50272",Warung nasi,4.5,5,8.0,Rabu 17.00–00.00  | Kamis 17.00–00.00  | Jumat 17.00–00.00  | Sabtu 17.00–00.00  | Minggu 17.00–00.00  | Senin 17.00–00.00  | Selasa 17.00–00.00,,-7.0457934,110.480462,0813-2622-3276,68,Tembalang,Sendangmulyo
"Bakmi Suroboyo,cak Kumis_Gg.Nirwanasari 1/24,Tembalang,kota Semarang,Jawa Tengah 50275","WCQQ+M8C, Gg. Nirwana Sari I, Tembalang, Kec. Tembalang, Kota Semarang, Jawa Tengah 50275",Restoran,3.4,5,,Rabu 03.20–12.15  | Kamis 03.20–12.15  | Jumat 03.20–12.15  | Sabtu 03.20–12.15  | Minggu 03.20–12.15  | Senin 03.20–12.15  | Selasa 03.20–12.15,,-7.0608144,110.4382649,0857-2717-0046,69,Tembalang,Tembalang
Bakmi Jowo mas Karyo,"XF99+X3F, Jl. Wanamukti, Sendangmulyo, Kec. Tembalang, Kota Semarang, Jawa Tengah 50272",Restoran Mie,4.6,5,5.0,Rabu 11.00–21.00  | Kamis 11.00–21.00  | Jumat 11.00–21.00  | Sabtu 11.00–21.00  | Minggu 11.00–21.00  | Senin 11.00–21.00  | Selasa 11.00–21.00,Rp 1–25.000,-7.0300511,110.4676651,,70,Tembalang,Sendangmulyo
Bakmi Jowo Pak No,"XFG6+25P, Sambiroto, Kec. Tembalang, Kota Semarang, Jawa Tengah 50276",Restoran Mie,3.8,5,4.0,Rabu 04.00–01.00  | Kamis 04.00–01.00  | Jumat 04.00–01.00  | Sabtu 04.00–01.00  | Minggu 04.00–01.00  | Senin 04.00–01.00  | Selasa 04.00–01.00,,-7.0249203,110.4604521,0857-9916-0449,72,Tembalang,Sambiroto
Bakmi Jowo Pak triss,"XFQ3+RXP, Sendangguwo, Kec. Tembalang, Kota Semarang, Jawa Tengah 50273",Restoran Keluarga,5.0,5,2.0,Rabu 17.30–00.00  | Kamis 17.30–00.00  | Jumat 17.30–00.00  | Sabtu 17.30–00.00  | Minggu 17.30–00.00  | Senin 17.30–00.00  | Selasa 17.30–00.00,,-7.0103726,110.4549305,0812-2518-0163,74,Tembalang,Sendangguwo
Warung TUMAN - Nasi Goreng & Bakmi Tuman,"Meteseh, Kec. Tembalang, Kota Semarang, Jawa Tengah 50271",Restoran Nasi Goreng,5.0,5,12.0,Rabu 17.00–22.00  | Kamis 17.00–22.00  | Jumat 17.00–22.00  | Sabtu 17.00–22.00  | Minggu 17.00–22.00  | Senin 17.00–22.00  | Selasa 17.00–22.00,,-7.0532611,110.4776654,,76,Tembalang,Meteseh
Bakmi Jowo Pak Sis - Meteseh,"Jl. Bukit Klp. Gading I No.32, Meteseh, Kec. Tembalang, Kota Semarang, Jawa Tengah 50271",Restoran Mie,5.0,5,1.0,Rabu 17.00–00.00  | Kamis 17.00–00.00  | Jumat 17.00–00.00  | Sabtu 17.00–00.00  | Minggu 17.00–00.00  | Senin 17.00–00.00  | Selasa 17.00–00.00,,-7.0657509,110.4598198,0822-2096-6500,77,Tembalang,Meteseh
Pondok Bakmi Jowo Siper,"Jl. kd.mundu No.12, Kedungmundu, Kec. Tembalang, Kota Semarang, Jawa Tengah 50276",Restoran,4.7,5,3.0,Rabu 17.00–00.00  | Kamis 17.00–00.00  | Jumat 17.00–00.00  | Sabtu 17.00–00.00  | Minggu 17.00–00.00  | Senin 17.00–00.00  | Selasa 17.00–00.00,,-7.0222396,110.4575887,0896-3533-3539,78,Tembalang,Kedungmundu
"Bakmi Jowo ""RiLEX"" Nasi Goreng","Jalan Kedung Mundu Raya No.23B, Sambiroto, Tembalang, Kedungmundu, Kec. Tembalang, Kota Semarang, Jawa Tengah 50274",Restoran Nasi Goreng,4.4,5,21.0,Rabu 19.00–21.00  | Kamis 19.00–21.00  | Jumat 19.00–21.00  | Sabtu 19.00–21.00  | Minggu 19.00–21.00  | Senin 19.00–21.00  | Selasa 19.00–21.00,,-7.0185164,110.4557624,,79,Tembalang,Kedungmundu
Pondok Bakmi Surabaya Cakdul Meteseh,"WFQ6+JWG, WFV7+46GJl. Bukit Kencana, JayaMeteseh, Kec. Tembalang, Kota Semarang, Jawa Tengah 50277",Restoran Indonesia,5.0,5,2.0,Tidak ada info jam buka,,-7.0609342,110.462336,,81,Tembalang,JayaMeteseh
Bakmi dan Nasi Goreng Pak Har,"WCMP+5WR, Jl. Mulawarman Raya, Kramas, Kec. Tembalang, Kota Semarang, Jawa Tengah 50278",Restoran,5.0,5,2.0,Rabu 18.00–23.00  | Kamis 18.00–23.00  | Jumat 18.00–23.00  | Sabtu 18.00–23.00  | Minggu 18.00–23.00  | Senin 18.00–23.00  | Selasa 18.00–23.00,,-7.0670027,110.4372537,,82,Tembalang,Kramas
Warung Bakmi Dan Nasi Goreng Mas MR,"WCPV+66W, Jl. Gondang Timur IV, Bulusan, Kec. Tembalang, Kota Semarang, Jawa Tengah 50277",Restoran cepat saji,4.8,5,5.0,Tidak ada info jam buka,Rp 1–25.000,-7.0643802,110.4430825,0857-2870-8081,87,Tembalang,Bulusan
BAKMI DD,"Jl. Gondang Raya No.16, RT.3/RW.1, Bulusan, Kec. Tembalang, Kota Semarang, Jawa Tengah 50275",Rumah Makan,5.0,5,8.0,Rabu 10.00–23.00  | Kamis 10.00–23.00  | Jumat 10.00–23.00  | Sabtu 10.00–23.00  | Minggu 10.00–23.00  | Senin 10.00–23.00  | Selasa 10.00–23.00,,-7.0617403,110.441422,0857-1260-0393,88,Tembalang,Bulusan
Bakmi jowo seger,"XFP2+M5R, Jl. Kedungmundu, Kedungmundu, Kec. Tembalang, Kota Semarang, Jawa Tengah 50273",Disimpan,5.0,5,1.0,Rabu 17.00–01.00  | Kamis 17.00–01.00  | Jumat 17.00–01.00  | Sabtu 17.00–01.00  | Minggu 17.00–01.00  | Senin 17.00–01.00  | Selasa 17.00–01.00,,-7.0132647,110.4503938,,90,Tembalang,Kedungmundu
Nasi Goreng dan Bakmi Jowo Doa Ibu,"Jl. Sambiroto Raya No.82-80, Sambiroto, Kec. Tembalang, Kota Semarang, Jawa Tengah 50276",Restoran Nasi Goreng,4.7,5,6.0,Rabu 17.00–02.00  | Kamis 17.00–02.00  | Jumat 17.00–02.00  | Sabtu 17.00–02.00  | Minggu 17.00–02.00  | Senin 17.00–02.00  | Selasa 17.00–02.00,,-7.0272921,110.4592809,0823-3783-7795,93,Tembalang,Sambiroto
Warung Bakmi Jowo Mas Tri,"Jl. Gondang Raya No.5, Bulusan, Kec. Tembalang, Kota Semarang, Jawa Tengah 50275",Restoran Indonesia,5.0,5,2.0,Tutup permanen,,-7.0611076,110.4418391,,96,Tembalang,Bulusan
"Bakmi Jowo & Nasi Goreng ""Kang Gepeng""","Jl. Banjarsari Selatan No.51-55, Bulusan, Kec. Tembalang, Kota Semarang, Jawa Tengah 50268",Tutup permanen,4.6,5,7.0,Tutup permanen,,-7.0627043,110.435862,Tutup permanen,101,Tembalang,Bulusan
Bakmi & Nasgor Mas Hendrik,"Bulusan, Kec. Tembalang, Kota Semarang, Jawa Tengah 50277",Tutup permanen,5.0,5,1.0,Tutup permanen,,-7.0608614,110.4453777,0823-2418-2407,102,Tembalang,Bulusan
Nasi Goreng & Bakmi Jawa Manggala,"Jl. Bukit Bougenvil Raya No.8, Sendangmulyo, Kec. Tembalang, Kota Semarang, Jawa Tengah 50272",Restoran,5.0,5,1.0,Rabu 07.00–00.48  | Kamis 07.00–00.48  | Jumat 07.00–00.48  | Sabtu 07.00–00.48  | Minggu 07.00–00.48  | Senin 07.00–00.48  | Selasa 07.00–00.48,,-7.0443051,110.474609,0852-2018-0662,104,Tembalang,Sendangmulyo
Bakmi Djowo 14,"Jl. Sendang Dahlia No.10, Sendangguwo, Kec. Tembalang, Kota Semarang, Jawa Tengah 50273",Restoran,4.9,5,,Rabu 11.00–21.00  | Kamis 11.00–21.00  | Jumat 11.00–21.00  | Sabtu 11.00–21.00  | Minggu 10.00–21.00  | Senin 11.00–21.00  | Selasa 11.00–21.00,,-7.0157538,110.4632604,0895-3279-86605,105,Tembalang,Sendangguwo
"Bakmi Jawa ""Mbah No""","Jl. Mulawarman Sel. II No.15, Kramas, Kec. Tembalang, Kota Semarang, Jawa Tengah 50278",Restoran Mie,5.0,5,,Tidak ada info jam buka,,-7.0699334,110.439127,,106,Tembalang,Kramas
Bakmi & Nasi goreng Pak Ndut Sendangguwo,"XFM4+76V, Jl. Sendangguwo Selatan Baru II, Sendangguwo, Kec. Tembalang, Kota Semarang, Jawa Tengah 50273",Restoran,4.0,5,7.0,Rabu Buka 24 jam  | Kamis Buka 24 jam  | Jumat Buka 24 jam  | Sabtu Buka 24 jam  | Minggu Buka 24 jam  | Senin Buka 24 jam  | Selasa Buka 24 jam,,-7.016775,110.4555411,0878-2735-5940,109,Tembalang,Sendangguwo
Bakmi Jawa Mas Aris (Solo),"XF89+J2V, Sendangmulyo, Kec. Tembalang, Kota Semarang, Jawa Tengah 50272",Restoran Mie,4.6,5,,Rabu 06.00–23.00  | Kamis 06.00–23.00  | Jumat 06.00–23.00  | Sabtu 06.00–23.00  | Minggu 06.00–23.00  | Senin 06.00–23.00  | Selasa 06.00–23.00,,-7.0333811,110.4675417,0819-1233-1106,113,Tembalang,Sendangmulyo
Pondok bakmi pak is,"Jl. Gendong Raya No.126, Sendangmulyo, Kec. Tembalang, Kota Semarang, Jawa Tengah 50272",Restoran,5.0,5,6.0,Tidak ada info jam buka,Rp 1–25.000,-7.0376628,110.4682639,0858-0350-9367,116,Tembalang,Sendangmulyo
Nasgor dan bakmi Jawa sidodadi,"XFP2+H65, Jl. Kedungmundu, Sendangguwo, Kec. Tembalang, Kota Semarang, Jawa Tengah 50274",Rumah Makan,5.0,5,,Rabu 17.00–02.00  | Kamis 17.00–02.00  | Jumat 17.00–02.00  | Sabtu 17.00–02.00  | Minggu 17.00–02.00  | Senin 17.00–02.00  | Selasa 17.00–02.00,,-7.013611,110.4505969,0877-7929-0995,118,Tembalang,Sendangguwo
Nagoya Ramen & Sushi,"Jl. KH. Sirojudin No.22A, Tembalang, Kec. Tembalang, Kota Semarang, Jawa Tengah 50275",Restoran Jepang,4.2,5,411.0,Rabu 09.00–21.00  | Kamis 09.00–21.00  | Jumat 09.00–21.00  | Sabtu 09.00–21.00  | Minggu 09.00–21.00  | Senin 09.00–21.00  | Selasa 09.00–21.00,Rp 1–25.000,-7.0571796,110.435635,0815-1602-220,121,Tembalang,Tembalang
RAMENDOMI TEMBALANG,"Jl. Mulawarman Tim. Dalam No.78, Bulusan, Kec. Tembalang, Kota Semarang, Jawa Tengah 50278",Toko Makanan Jepang,4.7,5,21.0,Rabu 15.00–23.00  | Kamis 15.00–23.00  | Jumat 15.00–23.00  | Sabtu 15.00–23.00  | Minggu 15.00–23.00  | Senin 15.00–23.00  | Selasa 15.00–23.00,Rp 1–25.000,-7.0687805,110.4442019,0822-2598-2098,122,Tembalang,Bulusan
Mizu Ramen,"Jl. Timoho Raya, Bulusan, Kec. Tembalang, Kota Semarang, Jawa Tengah 50272",Restoran Mie,5.0,5,14.0,Rabu 15.00–21.00  | Kamis 15.00–21.00  | Jumat 15.00–21.00  | Sabtu 15.00–21.00  | Minggu 15.00–21.00  | Senin 15.00–21.00  | Selasa 15.00–21.00,Rp 1–25.000,-7.0601939,110.4425671,0813-9190-9666,123,Tembalang,Bulusan
Joffi Ramen Sambiroto,"Sambiroto, Kec. Tembalang, Kota Semarang, Jawa Tengah",Restoran Ramen,4.8,5,499.0,Kamis 10.00–22.00 | Jumat 10.00–22.00 | Sabtu 10.00–22.00 | Minggu 10.00–22.00 | Senin 10.00–22.00 | Selasa 10.00–22.00 | Rabu 10.00–22.00,Rp 25.000–50.000,-7.0294678,110.4589629,,125,Tembalang,Sambiroto
Pak MOE Katsu dan Mie Ramen,"Jl. Klipang Raya, Sendangmulyo, Kec. Tembalang, Kota Semarang, Jawa Tengah 50272",Restoran,5.0,5,3.0,Rabu 15.30–21.00  | Kamis 15.30–21.00  | Jumat 15.30–21.00  | Sabtu 15.30–21.00  | Minggu Tutup  | Senin 15.30–21.00  | Selasa 15.30–21.00,,-7.0376688,110.4791277,0812-2509-7097,129,Tembalang,Sendangmulyo
"Takoyaki Pekoo Pekoo, Unimus","Jl. Fatmawati No.177, Kedungmundu, Kec. Tembalang, Kota Semarang, Jawa Tengah 50246",Restoran Jepang,5.0,5,54.0,Rabu 14.30–22.15  | Kamis 14.30–22.15  | Jumat 14.30–22.15  | Sabtu 14.30–22.15  | Minggu 14.30–22.15  | Senin 14.30–22.15  | Selasa 14.30–22.15,Rp 25.000–50.000,-7.0236276,110.4683509,0895-2706-0066,130,Tembalang,Kedungmundu
Warung Katsu J-pan,"Jl. Banjarsari No.29, Tembalang, Kec. Tembalang, Kota Semarang, Jawa Tengah 50275",Restoran Jepang,4.7,5,21.0,Rabu 10.00–19.30  | Kamis 10.00–19.30  | Jumat 10.00–19.30  | Sabtu 10.00–19.30  | Minggu Tutup  | Senin 10.00–19.30  | Selasa 10.00–19.30,Rp 1–25.000,-7.0597621,110.4385803,,132,Tembalang,Tembalang
Warung Wasabi,"Jalan Tirto Agung No. 77 Pedalangan Tembalang, Pedalangan, Kec. Banyumanik, Kota Semarang, Jawa Tengah 50268",Restoran Jepang,4.4,5,2756.0,Tutup sementara,Rp 25.000–50.000,-7.0602844,110.4275742,0818-240-538,136,Banyumanik,Pedalangan
Yuyake Ramen Ketileng,"Jl. Ketileng Raya No.15, Sendangmulyo, Kec. Tembalang, Kota Semarang, Jawa Tengah 50272",Restoran Jepang,5.0,5,14.0,Tutup sementara,Rp 1–25.000,-7.0285646,110.4680572,0895-1310-0724,137,Tembalang,Sendangmulyo
kedai raisu tembalang,"perum aldi griya permai Jl. Bulusan Sel. No.27, Bulusan, Kec. Tembalang, Kota Semarang, Jawa Tengah 50277",Restoran Jepang,5.0,5,11.0,Rabu 09.00–21.00  | Kamis Tutup  | Jumat 09.00–21.00  | Sabtu 09.00–21.00  | Minggu 09.00–21.00  | Senin 09.00–21.00  | Selasa 09.00–21.00,,-7.0638349,110.4475083,0821-3524-8687,142,Tembalang,Bulusan
Tower Cafe Semarang,"Jl. Banjarsari Selatan No.49B, Tembalang, Kec. Banyumanik, Kota Semarang, Jawa Tengah 50268",Restoran Asia,4.4,5,2470.0,Rabu 10.00–23.15  | Kamis 10.00–23.15  | Jumat 10.00–23.15  | Sabtu 10.00–23.15  | Minggu 10.00–23.15  | Senin 10.00–23.15  | Selasa 10.00–23.15,Rp 25.000–50.000,-7.0634046,110.4368014,0812-2780-5578,144,Banyumanik,Tembalang
RYORI JAPANESE FOOD,"XFM9+7R5, Jl. Pandan Wangi Raya, Kedungmundu, Kec. Tembalang, Kota Semarang, Jawa Tengah 50273",Restoran,5.0,5,5.0,Rabu 10.00–22.00  | Kamis 10.00–22.00  | Jumat 10.00–17.00  | Sabtu 10.00–22.00  | Minggu 10.00–22.00  | Senin 10.00–22.00  | Selasa 10.00–22.00,,-7.0168647,110.4696245,0895-4225-74182,145,Tembalang,Kedungmundu
Mie Ramen 77,"WCQW+M56, Bulusan, Kec. Tembalang, Kota Semarang, Jawa Tengah 50277",Tutup permanen,5.0,5,4.0,Tutup permanen,,-7.0608455,110.4453768,0877-2603-3667,146,Tembalang,Bulusan
