nama_tempat,alamat,jenis_bisnis,rating,jumlah_bintang,jumlah_review,jam_operasional,harga,latitude,longitude,telepon,website,kategori
Bakmi Serangkai Tembalang,"Jl. Mulawarman Raya No.11, Pedalangan, Kec. Banyumanik, Kota Semarang, Jawa Tengah 50264",Restoran Mie,4.4,5,78.0,Rabu 12.00–01.00  | Kamis 12.00–01.00  | Jumat 13.00–01.00  | Sabtu 12.00–01.00  | Minggu 12.00–01.00  | Senin 12.00–01.00  | Selasa 12.00–01.00 ,Rp 25.000–50.000,-7.0682949,110.4338875,0822-2527-1048,,bakmi
BAKSU (Bakmie & Katsu),"Jl. Timoho Bar. III No.38, Bulusan, Kec. Tembalang, Kota Semarang, Jawa Tengah 50277",Restoran Mie,4.3,5,144.0,Rabu 09.00–21.00  | Kamis 09.00–21.00  | Jumat 09.00–21.00  | Sabtu 09.00–21.00  | Minggu 09.00–21.00  | Senin 09.00–21.00  | Selasa 09.00–21.00 ,Rp 1–25.000,-7.057076,110.444335,0895-3605-97975,,bakmi
Bakmi Surabaya Cak Dul 2,"Jl. Mulawarman Selatan Raya No.18, Kramas, Kec. Tembalang, Kota Semarang, Jawa Tengah 50278",Restoran Mie,4.0,5,495.0,Rabu 07.30–23.30  | Kamis 07.30–23.30  | Jumat 07.30–23.30  | Sabtu 07.30–23.30  | Minggu 07.30–23.30  | Senin 07.30–23.30  | Selasa 07.30–23.30 ,Rp 1–25.000,-7.0682042,110.4372738,0821-3400-6730,,bakmi
Mie Ayam Jakarta Bang Mail,"Jl baskoro no, 75, RT.3/RW.7, Tembalang, Kec. Tembalang, Kota Semarang, Jawa Tengah 50275",Restoran Mie,4.6,5,1261.0,Rabu 09.00–18.00  | Kamis 09.00–18.00  | Jumat 09.00–18.00  | Sabtu 09.00–18.00  | Minggu Tutup  | Senin 09.00–18.00  | Selasa 09.00–18.00 ,Rp 1–25.000,-7.053149,110.43683,0896-6133-9995,,bakmi
Bakmi Juned,"Jl. Sambiroto, Kedungmundu, Kec. Tembalang, Kota Semarang, Jawa Tengah 50276",Restoran Mie,4.7,5,158.0,Rabu 17.00–00.00  | Kamis 17.00–00.00  | Jumat 17.00–00.00  | Sabtu 17.00–00.00  | Minggu Tutup  | Senin Tutup  | Selasa 17.00–00.00 ,Rp 1–25.000,-7.0240155,110.4587897,,,bakmi
"Bakmie Jowo ""Mas Anto""","Jl. Sinar Waluyo Utara, Kedungmundu, Kec. Tembalang, Kota Semarang, Jawa Tengah 50273",Restoran Mie,4.5,5,61.0,Rabu 17.30–00.00  | Kamis Tutup  | Jumat 17.30–00.00  | Sabtu 17.30–00.00  | Minggu 17.30–00.00  | Senin 17.30–00.00  | Selasa 17.30–00.00 ,,-7.0244593,110.4737553,0896-6801-4356,,bakmi
Mie Surabaya Cak Bagus Ketileng,"Depan SDIT Tunas Harapan, Ruko Mutiara Gading A4, Jl. Ketileng Indah Raya, Sendangmulyo, Kec. Tembalang, Kota Semarang, Jawa Tengah 50272",Restoran Mie,4.5,5,458.0,Rabu 16.00–23.55  | Kamis 16.00–23.55  | Jumat 16.00–23.55  | Sabtu 16.00–23.55  | Minggu 16.00–23.55  | Senin 16.00–23.55  | Selasa 16.00–23.55 ,Rp 1–25.000,-7.0353436,110.4717919,0822-3047-3223,,bakmi
Bakmi Surabaya Cak Baron,"XFC9+768, Jl. Ketileng Raya, Sendangmulyo, Kec. Tembalang, Kota Semarang, Jawa Tengah 50272",Restoran Mie,4.6,5,27.0,Rabu 18.45–23.45  | Kamis 18.45–23.45  | Jumat 18.45–23.45  | Sabtu 18.45–23.45  | Minggu 18.45–23.45  | Senin 18.45–23.45  | Selasa 18.45–23.45 ,,-7.0293254,110.4680778,,,bakmi
Bakmi Dan Nasi Goreng Cak Budi,"Jl. Kompol R. Sukamto, Sambiroto, Kec. Tembalang, Kota Semarang, Jawa Tengah 50276",Restoran Nasi Goreng,4.7,5,138.0,Rabu 12.00–00.00  | Kamis 12.00–00.00  | Jumat 12.00–00.00  | Sabtu 12.00–00.00  | Minggu 12.00–00.00  | Senin 12.00–00.00  | Selasa 12.00–00.00 ,Rp 1–25.000,-7.0349665,110.4578418,0877-0025-4333,,bakmi
WARPAD Yamien & Ayam goreng,"Jl. Gondang Barat I No.7, Bulusan, Kec. Tembalang, Kota Semarang, Jawa Tengah 50277",Kedai Sarapan & Makan Siang,4.5,5,496.0,Rabu 10.00–21.00  | Kamis 10.00–21.00  | Jumat 10.00–21.00  | Sabtu 10.00–21.00  | Minggu Tutup  | Senin 10.00–21.00  | Selasa 10.00–21.00 ,Rp 1–25.000,-7.0627192,110.4389557,0823-3675-1133,,bakmi
Bakmie Suroboyo,"XFHC+JFF, Jl. Mukharom, Kedungmundu, Kec. Tembalang, Kota Semarang, Jawa Tengah 50273",Restoran Mie,4.6,5,5.0,Rabu 12.00–22.00  | Kamis 12.00–22.00  | Jumat 12.00–22.00  | Sabtu 12.00–22.00  | Minggu 12.00–22.00  | Senin 12.00–22.00  | Selasa 12.00–22.00 ,,-7.0209261,110.4711605,,,bakmi
Bakmi Surabaya cak zun,"Jl. Kompol R. Soekanto, kota, Sambiroto, Kec. Tembalang, Kota Semarang, Jawa Tengah 50272",Restoran Mie,4.3,5,44.0,Rabu 16.00–23.30  | Kamis 16.00–23.30  | Jumat 16.00–23.30  | Sabtu 16.00–23.30  | Minggu 16.00–23.30  | Senin 16.00–23.30  | Selasa 16.00–23.30 ,Rp 1–25.000,-7.0277046,110.459498,0857-1312-5010,,bakmi
Bakmi Jowo Mas Agus,"XF69+X82, Jl. Gendong Raya, Mangunharjo, Kec. Tembalang, Kota Semarang, Jawa Tengah 50272",Restoran Mie,4.6,5,29.0,Rabu 17.00–00.00  | Kamis 17.00–00.00  | Jumat 17.00–00.00  | Sabtu 17.00–00.00  | Minggu 17.00–00.00  | Senin 17.00–00.00  | Selasa 17.00–00.00 ,,-7.0376188,110.468281,0819-0437-2937,,bakmi
Bakmie Pak Wi',"XFM8+HM8, Jl. Amposari Raya, Kedungmundu, Kec. Tembalang, Kota Semarang, Jawa Tengah 50273",Restoran Mie,4.5,5,44.0,Rabu 17.00–00.00  | Kamis 17.00–00.00  | Jumat 17.00–00.00  | Sabtu 17.00–00.00  | Minggu 17.00–00.00  | Senin 17.00–00.00  | Selasa 17.00–00.00 ,Rp 1–25.000,-7.0160845,110.466717,0821-2831-6087,,bakmi
Bakmie Surabaya Mas Nopi,"Jl. Rogojembangan Raya No.147-151, Tandang, Kec. Tembalang, Kota Semarang, Jawa Tengah 50274",Restoran Mie,5.0,5,7.0,Rabu 17.00–00.00  | Kamis 17.00–00.00  | Jumat 17.00–00.00  | Sabtu 17.00–00.00  | Minggu 17.00–00.00  | Senin 17.00–00.00  | Selasa 17.00–00.00 ,,-7.015127,110.4486258,0856-3258-158,,bakmi
Bakmi Jowo Mas Agus,"Jl. Sambiroto Raya No.6, Sambiroto, Kec. Tembalang, Kota Semarang, Jawa Tengah 50276",Restoran Mie,4.5,5,99.0,Rabu 17.00–02.00  | Kamis 17.00–02.00  | Jumat 17.00–02.00  | Sabtu 17.00–02.00  | Minggu 17.00–02.00  | Senin 17.00–02.00  | Selasa 17.00–02.00 ,,-7.0323598,110.45811,0858-0213-9915,,bakmi
Mie Ayam Lada Hitam Si Jonti,"Jl. Bukit Elang A, Mangunharjo, Kec. Tembalang, Kota Semarang, Jawa Tengah 50272",Restoran Mie,4.5,5,2059.0,Rabu 09.00–20.00  | Kamis 09.00–20.00  | Jumat 09.00–20.00  | Sabtu 09.00–20.00  | Minggu 09.00–20.00  | Senin 09.00–20.00  | Selasa 09.00–20.00 ,Rp 1–25.000,-7.0410728,110.4660527,,,bakmi
BAKMI JOWO KANG DOEL,"XFH4+HPR, Kedungmundu, Kec. Tembalang, Kota Semarang, Jawa Tengah 50274",Restoran Mie,4.9,5,16.0,Rabu 15.30–23.30  | Kamis 15.30–23.30  | Jumat 15.30–23.30  | Sabtu 15.30–23.30  | Minggu 15.30–23.30  | Senin 15.30–23.30  | Selasa 15.30–23.30 ,,-7.0210026,110.4567797,0812-2556-0512,,bakmi
BAKMI JOWO GM GAJAH MAKMUR,"Jl. Gayamsari Selatan I No.47, Sendangguwo, Kec. Tembalang, Kota Semarang, Jawa Tengah 50248",Restoran,4.9,5,30.0,Rabu 10.00–02.00  | Kamis 10.00–02.00  | Jumat 10.00–02.00  | Sabtu 10.00–02.00  | Minggu 10.00–02.00  | Senin 10.00–02.00  | Selasa 10.00–02.00 ,Rp 1–25.000,-7.0073053,110.4488455,0823-2276-4326,,bakmi
Mie Ayam Happy,"Jl. Kedungmundu No.510A, Kedungmundu, Kec. Tembalang, Kota Semarang, Jawa Tengah 50273",Restoran Mie,4.6,5,2580.0,Rabu 10.00–21.00  | Kamis 10.00–21.00  | Jumat 10.00–21.00  | Sabtu 10.00–21.00  | Minggu 10.00–21.00  | Senin Tutup  | Selasa 10.00–21.00 ,Rp 1–25.000,-7.0234943,110.4588066,0812-2824-444,,bakmi
Bakmi Jowo Mas Agus,"XF69+X82, Jl. Gendong Raya, Mangunharjo, Kec. Tembalang, Kota Semarang, Jawa Tengah 50272",Restoran Mie,4.6,5,29.0,Rabu 17.00–00.00  | Kamis 17.00–00.00  | Jumat 17.00–00.00  | Sabtu 17.00–00.00  | Minggu 17.00–00.00  | Senin 17.00–00.00  | Selasa 17.00–00.00 ,,-7.0376188,110.468281,0819-0437-2937,,bakmi
Bakmi Jowo Mas Agus,"Jl. Sambiroto Raya No.6, Sambiroto, Kec. Tembalang, Kota Semarang, Jawa Tengah 50276",Restoran Mie,4.5,5,99.0,Rabu 17.00–02.00  | Kamis 17.00–02.00  | Jumat 17.00–02.00  | Sabtu 17.00–02.00  | Minggu 17.00–02.00  | Senin 17.00–02.00  | Selasa 17.00–02.00 ,,-7.0323598,110.45811,0858-0213-9915,,bakmi
PONDOK Bakmi Surabaya Cak DUL,"WFV7+478, Jl. Profesor Suharso, Meteseh, Kec. Tembalang, Kota Semarang, Jawa Tengah 50277",Warung Makanan Kecil,3.9,5,14.0,Rabu 16.00–23.00  | Kamis 16.00–23.00  | Jumat 16.00–23.00  | Sabtu 16.00–23.00  | Minggu 16.00–23.00  | Senin 16.00–23.00  | Selasa 16.00–23.00 ,,-7.0572049,110.4631895,0813-2515-7257,,bakmi
Mie Aceh Bang Wali,"Jl. Banjarsari No.38, Tembalang, Kec. Tembalang, Kota Semarang, Jawa Tengah 50275",Restoran Mie,4.3,5,352.0,Rabu 14.00–23.00  | Kamis 14.00–23.00  | Jumat 14.00–23.00  | Sabtu 14.00–23.00  | Minggu 14.00–23.00  | Senin 14.00–23.00  | Selasa 14.00–23.00 ,Rp 1–25.000,-7.0596782,110.4396313,,,bakmi
WARPAD Yamien & Ayam goreng,"Jl. Gondang Barat I No.7, Bulusan, Kec. Tembalang, Kota Semarang, Jawa Tengah 50277",Kedai Sarapan & Makan Siang,4.5,5,496.0,Rabu 10.00–21.00  | Kamis 10.00–21.00  | Jumat 10.00–21.00  | Sabtu 10.00–21.00  | Minggu Tutup  | Senin 10.00–21.00  | Selasa 10.00–21.00 ,Rp 1–25.000,-7.0627192,110.4389557,0823-3675-1133,,bakmi
"Bakmi Surabaya ""cak Pri""","Blok D No, Jl. Klipang Raya Blk. G No.6, Sendangmulyo, Kec. Tembalang, Kota Semarang, Jawa Tengah 50272",Restoran Mie,4.1,5,82.0,Rabu 16.00–23.30  | Kamis 16.00–23.30  | Jumat 16.00–23.30  | Sabtu 16.00–23.30  | Minggu 16.00–23.30  | Senin 16.00–23.30  | Selasa 16.00–23.30 ,Rp 1–25.000,-7.0411434,110.4792524,0813-2559-2036,,bakmi
Pondok Nasi Goreng dan Mie,"Jl. Gondang Tim. V No.37, Bulusan, Kec. Tembalang, Kota Semarang, Jawa Tengah 50175",Restoran Nasi Goreng,4.7,5,224.0,Rabu 16.30–23.00  | Kamis 16.30–23.00  | Jumat 16.30–23.00  | Sabtu 16.30–23.00  | Minggu Buka 24 jam  | Senin 16.30–23.00  | Selasa 16.30–23.00 ,Rp 1–25.000,-7.0653904,110.4425064,0815-4253-8324,,bakmi
Bakmi Kongsian,"Ruko AD, Ruko, Jl. Bukit Kencana Jaya Jl. Boulevard No.25, Meteseh, Kec. Tembalang, Kota Semarang, Jawa Tengah 50271",Rumah Makan,4.8,5,20.0,,Rp 1–25.000,-7.0653515,110.4610172,,,bakmi
Mie Goceng Semarang,"WCPP+VC5, Bulusan, Kec. Tembalang, Kota Semarang, Jawa Tengah 50277",Restoran Mie,3.9,5,77.0,Rabu 10.00–23.00  | Kamis 10.00–23.00  | Jumat 10.00–23.00  | Sabtu 10.00–23.00  | Minggu 10.00–23.00  | Senin 10.00–23.00  | Selasa 10.00–23.00 ,Rp 1–25.000,-7.0627908,110.4360712,0822-7905-0089,,bakmi
Bakmie Jowo Mas Jenggot,"Jl. Klipang Raya No.26, Sendangmulyo, Kec. Tembalang, Kota Semarang, Jawa Tengah 50272",Restoran Mie,4.3,5,27.0,,Rp 1–25.000,-7.0372521,110.474049,,,bakmi
BAKMI JOWO GM GAJAH MAKMUR,"Jl. Gayamsari Selatan I No.47, Sendangguwo, Kec. Tembalang, Kota Semarang, Jawa Tengah 50248",Restoran,4.9,5,30.0,Rabu 10.00–02.00  | Kamis 10.00–02.00  | Jumat 10.00–02.00  | Sabtu 10.00–02.00  | Minggu 10.00–02.00  | Senin 10.00–02.00  | Selasa 10.00–02.00 ,Rp 1–25.000,-7.0073053,110.4488455,0823-2276-4326,,bakmi
Raja Murah (Penyet & Mie Jawa),"Jl. Kedungwinong I No.3, Meteseh, Kec. Tembalang, Kota Semarang, Jawa Tengah 50271",Restoran Mie,4.7,5,33.0,Rabu Buka 24 jam  | Kamis Buka 24 jam  | Jumat Buka 24 jam  | Sabtu Buka 24 jam  | Minggu Buka 24 jam  | Senin Buka 24 jam  | Selasa Buka 24 jam ,,-7.0601301,110.4627605,0812-2556-8528,,bakmi
Bakmi Jowo Pak Brewok,"Jl. Klipang Raya Permai Blok G23, Sendangmulyo, Kec. Tembalang, Kota Semarang, Jawa Tengah 50272",Restoran Mie,4.8,5,77.0,Rabu 17.00–23.00  | Kamis 17.00–23.00  | Jumat 17.00–23.00  | Sabtu 17.00–23.00  | Minggu 17.00–23.00  | Senin 17.00–23.00  | Selasa 17.00–23.00 ,Rp 1–25.000,-7.0427822,110.4791285,0821-3485-7772,,bakmi
Mie Ayam dan Bakso Mas Gondrong,"Jalan Timoho Raya 1Tembalang, Bulusan, Kec. Tembalang, Kota Semarang, Jawa Tengah 50277",Restoran Bakso,4.6,5,373.0,Rabu 11.00–22.00  | Kamis 11.00–22.00  | Jumat 11.00–22.00  | Sabtu 11.00–22.00  | Minggu 11.00–22.00  | Senin 11.00–22.00  | Selasa 11.00–22.00 ,Rp 1–25.000,-7.0607539,110.4440329,0821-3844-0323,,bakmi
Bakmi Surabaya,"Jalan Rowosari Raya, Jl. Talang Jl. Baskoro Raya, Meteseh, Kec. Tembalang, Kota Semarang, Jawa Tengah 50271",Restoran Mie,3.8,5,10.0,Rabu 17.00–00.00  | Kamis 17.00–00.00  | Jumat 17.00–00.00  | Sabtu 17.00–00.00  | Minggu 17.00–00.00  | Senin 17.00–00.00  | Selasa 17.00–00.00 ,,-7.0580499,110.4710327,0813-2669-4979,,bakmi
BAKMI JOWO KANG DOEL,"XFH4+HPR, Kedungmundu, Kec. Tembalang, Kota Semarang, Jawa Tengah 50274",Restoran Mie,4.9,5,16.0,Rabu 15.30–23.30  | Kamis 15.30–23.30  | Jumat 15.30–23.30  | Sabtu 15.30–23.30  | Minggu 15.30–23.30  | Senin 15.30–23.30  | Selasa 15.30–23.30 ,,-7.0210026,110.4567797,0812-2556-0512,,bakmi
"BAKMI SUROBOYO MAS NDUT (YUDI),METESEH","Jl. Raya Sendangmulyo, Meteseh, Kec. Tembalang, Kota Semarang, Jawa Tengah 50271",Restoran Mie,4.3,5,8.0,Rabu 17.30–23.00  | Kamis 17.30–23.00  | Jumat 17.30–23.00  | Sabtu 17.30–23.00  | Minggu 17.30–23.00  | Senin 17.30–23.00  | Selasa 17.30–23.00 ,,-7.0528544,110.4714665,0878-3106-0032,,bakmi
BAKMIE SURABAYA CAK BAGUS GROUP,"WFVC+7CQ, Jl. Raya Sendangmulyo, Meteseh, Kec. Tembalang, Kota Semarang, Jawa Tengah 50271",Restoran Mie,4.4,5,13.0,,Rp 1–25.000,-7.0567754,110.4711082,0821-3331-2021,,bakmi
WR Rizqi 99/ Mie Ayam Jakarta 99,"Jl. Mulawarman Sel. II No.18, Kramas, Kec. Tembalang, Kota Semarang, Jawa Tengah 50278",Restoran,4.4,5,151.0,Rabu 08.00–22.00  | Kamis 08.00–22.00  | Jumat 08.00–22.00  | Sabtu 08.00–22.00  | Minggu 08.00–22.00  | Senin 08.00–22.00  | Selasa 08.00–22.00 ,Rp 1–25.000,-7.0698262,110.439112,0813-2690-0208,,bakmi
Mie Ayam Happy,"Jl. Kedungmundu No.510A, Kedungmundu, Kec. Tembalang, Kota Semarang, Jawa Tengah 50273",Restoran Mie,4.6,5,2580.0,Rabu 10.00–21.00  | Kamis 10.00–21.00  | Jumat 10.00–21.00  | Sabtu 10.00–21.00  | Minggu 10.00–21.00  | Senin Tutup  | Selasa 10.00–21.00 ,Rp 1–25.000,-7.0234943,110.4588066,0812-2824-444,,bakmi
Mie Ayam Lada Hitam Si Jonti,"Jl. Bukit Elang A, Mangunharjo, Kec. Tembalang, Kota Semarang, Jawa Tengah 50272",Restoran Mie,4.5,5,2059.0,Rabu 09.00–20.00  | Kamis 09.00–20.00  | Jumat 09.00–20.00  | Sabtu 09.00–20.00  | Minggu 09.00–20.00  | Senin 09.00–20.00  | Selasa 09.00–20.00 ,Rp 1–25.000,-7.0410728,110.4660527,,,bakmi
Mie Fil Fil & Cuanki Tembalang,"Jl. Timoho Raya No.292, Bulusan, Kec. Tembalang, Kota Semarang, Jawa Tengah 20272",Restoran Mie,4.6,5,15.0,,Rp 1–25.000,-7.0605865,110.4440075,0821-3653-0460,,bakmi
(MUBAL) Mie Ayam Bumbu Bali Tembalang,"Jl. Banjarsari Selatan No.18a, Tembalang, Kec. Tembalang, Kota Semarang, Jawa Tengah 50275",Disimpan,4.2,5,76.0,Rabu 10.00–21.00  | Kamis 10.00–21.00  | Jumat 10.00–21.00  | Sabtu 10.00–21.00  | Minggu 10.00–21.00  | Senin 10.00–21.00  | Selasa 10.00–21.00 ,Rp 1–25.000,-7.0613894,110.4355547,,,bakmi
Pondok Bakmi Bu Tarno,"XFG5+P9F, Jalan Jl. Kedungmundu, Kedungmundu, Tembalang, Semarang City, Central Java 50273",Kafe,4.4,5,97.0,Rabu 18.00–00.00  | Kamis 18.00–00.00  | Jumat 18.00–00.00  | Sabtu 18.00–00.00  | Minggu 18.00–00.00  | Senin 18.00–00.00  | Selasa 18.00–00.00 ,Rp 1–25.000,-7.023199,110.4584241,,,bakmi
Bakmi Jowo Mas Ndut,"Jl. Dinar Elok Raya No.K2 No.5, Meteseh, Kec. Tembalang, Kota Semarang, Jawa Tengah 50271",Restoran Mie,3.8,5,21.0,Rabu 16.30–00.00  | Kamis 16.30–00.00  | Jumat 16.30–00.00  | Sabtu 16.30–00.00  | Minggu 16.30–00.00  | Senin 16.30–00.00  | Selasa 16.30–00.00 ,Rp 1–25.000,-7.0603978,110.4691213,,,bakmi
Bakmi Jowo Pak Gito,"XFF5+9Q6, Jl. Sambiroto Raya, Sambiroto, Kec. Tembalang, Kota Semarang, Jawa Tengah 50276",Restoran Mie,4.3,5,22.0,Rabu 17.00–00.00  | Kamis 17.00–00.00  | Jumat 17.00–00.00  | Sabtu 17.00–00.00  | Minggu 17.00–00.00  | Senin 17.00–00.00  | Selasa 17.00–00.00 ,Rp 1–25.000,-7.0265843,110.4593769,0812-2527-7968,,bakmi
Mie Ayam Sakti,"Jl. Tunjungsari No.2, Tembalang, Kec. Tembalang, Kota Semarang, Jawa Tengah 50275",Restoran Mie,4.7,5,24.0,Rabu 11.00–21.00  | Kamis 11.00–21.00  | Jumat 11.00–21.00  | Sabtu 11.00–21.00  | Minggu 11.00–21.00  | Senin 11.00–21.00  | Selasa 11.00–21.00 ,Rp 1–25.000,-7.0576477,110.4383251,0878-4172-3113,,bakmi
Mie Bandung Gg. Belakang Pak Min,"Kedungmu, Jl. Kedungmundu, Tandang, Kec. Tembalang, Kota Semarang, Jawa Tengah 50273",Restoran Mie,4.5,5,347.0,Rabu 10.00–20.00  | Kamis 10.00–20.00  | Jumat 10.00–20.00  | Sabtu 10.00–20.00  | Minggu 10.00–20.00  | Senin 10.00–20.00  | Selasa 10.00–20.00 ,Rp 1–25.000,-7.0190464,110.4558062,0877-0009-5450,,bakmi
Bakmi jowo Petruk,"Jl. Fatmawati No.175, Kedungmundu, Kec. Tembalang, Kota Semarang, Jawa Tengah 50273",Restoran Mie,4.3,5,11.0,Rabu Buka 24 jam  | Kamis Buka 24 jam  | Jumat Buka 24 jam  | Sabtu Buka 24 jam  | Minggu Buka 24 jam  | Senin Buka 24 jam  | Selasa Buka 24 jam ,Rp 1–25.000,-7.023638,110.4683441,0889-3316-417,,bakmi
Bakmi jowo dan nasi goreng bintang lima,"Depas puskesmas Jl. Kompol R Soekanto, Mangunharjo, Kec. Tembalang, Kota Semarang, Jawa Tengah 50272",Restoran Nasi Goreng,5.0,5,16.0,Rabu 17.00–00.00  | Kamis 17.00–00.00  | Jumat 17.00–00.00  | Sabtu 17.00–00.00  | Minggu 17.00–00.00  | Senin 17.00–00.00  | Selasa 17.00–00.00 ,Rp 1–25.000,-7.0447647,110.460857,0813-2900-2728,,bakmi
Bakmi Jowo Bu Hadi,"Jalan Prof. Suharso ,Meteseh, Tembalang, Meteseh, Kec. Tembalang, Kota Semarang, Jawa Tengah 50271",Restoran Mie,4.0,5,28.0,Rabu 16.30–00.00  | Kamis 16.30–00.00  | Jumat 16.30–00.00  | Sabtu 16.30–00.00  | Minggu 16.30–00.00  | Senin 16.30–00.00  | Selasa 16.30–00.00 ,Rp 1–25.000,-7.0567136,110.4647068,0812-4248-4643,,bakmi
Mie Ayam Pak Jumali,"XF37+3FC, Jl. Durenan Indah, Mangunharjo, Kec. Tembalang, Kota Semarang, Jawa Tengah 50272",Restoran Mie,5.0,5,18.0,Rabu 17.00–23.00  | Kamis 17.00–23.00  | Jumat 17.00–23.00  | Sabtu 17.00–23.00  | Minggu 17.00–23.00  | Senin 17.00–23.00  | Selasa 17.00–23.00 ,Rp 1–25.000,-7.0473142,110.4636374,0813-3987-0532,,bakmi
Mie Ayam Pangsit Babaliyut,"Jl. Gondang Raya No.28, Bulusan, Kec. Tembalang, Kota Semarang, Jawa Tengah 50277",Lihat foto,5.0,5,184.0,,Rp 1–25.000,-7.0622009,110.4411602,0857-2715-1533,,bakmi
Bakmi Jowo Nasi Goreng KADONG TRESNO,"Jl. Sambiroto Raya No.45A, Sambiroto, Kec. Tembalang, Kota Semarang, Jawa Tengah 50276",Restoran Mie,3.1,5,64.0,Rabu 17.00–01.00  | Kamis 17.00–01.00  | Jumat 17.00–01.00  | Sabtu 17.00–01.00  | Minggu 17.00–01.00  | Senin 17.00–01.00  | Selasa 17.00–01.00 ,Rp 1–25.000,-7.0299685,110.4589556,0821-3525-5678,,bakmi
Bakmi Jowo Risqi,"Jl. Bougenville Dalam No.Raya, Sendangmulyo, Kec. Tembalang, Kota Semarang, Jawa Tengah 50272",Restoran Mie,4.7,5,7.0,Rabu 17.00–00.00  | Kamis 17.00–00.00  | Jumat 17.00–00.00  | Sabtu 17.00–00.00  | Minggu 17.00–00.00  | Senin 17.00–00.00  | Selasa 17.00–00.00 ,,-7.0448404,110.4744183,0898-3327-48701,,bakmi
Bakmi Jowo Mas Nang,"perum klipang Blk. P XIV, Sendangmulyo, Tembalang, Semarang City, Central Java 50272",Restoran Mie,4.7,5,6.0,Rabu 17.00–00.00  | Kamis 17.00–00.00  | Jumat 17.00–00.00  | Sabtu 17.00–00.00  | Minggu 17.00–00.00  | Senin 17.00–00.00  | Selasa 17.00–00.00 ,Rp 1–25.000,-7.0449503,110.479215,,,bakmi
Mie Ayam 99 Fatmawati,"Jl. Fatmawati No.163, Kedungmundu, Kec. Tembalang, Kota Semarang, Jawa Tengah 50273",Restoran Mie,4.5,5,254.0,Rabu 09.30–20.00  | Kamis 09.30–20.00  | Jumat 09.30–20.00  | Sabtu 09.30–20.00  | Minggu Tutup  | Senin 09.30–20.00  | Selasa 09.30–20.00 ,Rp 1–25.000,-7.0228379,110.4687673,0878-8899-9065,,bakmi
Bakmi jowo pak wito,"Jl. Klipang Raya, Sendangmulyo, Kec. Tembalang, Kota Semarang, Jawa Tengah 50272",Restoran Asia,3.9,5,16.0,Rabu 17.00–01.00  | Kamis 17.00–01.00  | Jumat 17.00–01.00  | Sabtu 17.00–01.00  | Minggu 17.00–01.00  | Senin 17.00–01.00  | Selasa 17.00–01.00 ,,-7.0377394,110.4766588,0851-0010-6508,,bakmi
Bakmi Jowo Mas Jon,"XF2H+RJR, Bundaran Simpang 4 Jl. Klipang, Sendangmulyo, Tembalang, Semarang City, Central Java 50272",Restoran Mie,4.4,5,5.0,Rabu 17.00–23.00  | Kamis 17.00–23.00  | Jumat 17.00–23.00  | Sabtu 17.00–23.00  | Minggu 17.00–23.00  | Senin 17.00–23.00  | Selasa 17.00–23.00 ,Rp 1–25.000,-7.0478897,110.4790064,,,bakmi
Bakmi Nyemek Keluarga,"Perum Jl. Wanamukti No.16 Blok E4, Sambiroto, Tembalang, Semarang City, Central Java 50276",Restoran Mie,4.1,5,9.0,Rabu 10.00–22.00  | Kamis 10.00–22.00  | Jumat 10.00–22.00  | Sabtu 10.00–22.00  | Minggu 10.00–22.00  | Senin 10.00–22.00  | Selasa 10.00–22.00 ,,-7.0307018,110.4614157,0858-7066-7204,,bakmi
Mie Aceh Jambo aye,"Jl. Bukit Elang C No.03, Mangunharjo, Kec. Tembalang, Kota Semarang, Jawa Tengah 50272",Restoran Mie,4.6,5,52.0,,Rp 25.000–50.000,-7.0413376,110.4639478,0897-9242-382,,bakmi
Bakmi Jowo Pak Waris 2,"XFC9+W3W, Jl. Ketileng Raya, Sendangmulyo, Kec. Tembalang, Kota Semarang, Jawa Tengah 50272",Restoran Mie,4.3,5,14.0,Rabu 16.00–00.00  | Kamis 16.00–00.00  | Jumat 16.00–00.00  | Sabtu 16.00–00.00  | Minggu 16.00–00.00  | Senin 16.00–00.00  | Selasa 16.00–00.00 ,Rp 1–25.000,-7.027648,110.467695,0858-7550-5366,,bakmi
Nasi Goreng & Bakmi Jawa (Graha Metro),"Graha Metro No.12B Blk B, Meteseh, Kec. Tembalang, Kota Semarang, Jawa Tengah 50271",Restoran,4.0,5,24.0,Rabu 15.00–00.00  | Kamis 15.00–00.00  | Jumat 15.00–00.00  | Sabtu 15.00–00.00  | Minggu 15.00–00.00  | Senin 15.00–00.00  | Selasa 15.00–00.00 ,Rp 1–25.000,-7.0594698,110.4768222,0856-4334-8465,,bakmi
Bakmi Jowo Solo,"Jl. Tulus Harapan No.4 Blk C, Sendangmulyo, Kec. Tembalang, Kota Semarang, Jawa Tengah 50272",,5.0,5,1.0,Rabu 17.00–00.00  | Kamis 17.00–00.00  | Jumat 17.00–00.00  | Sabtu 17.00–00.00  | Minggu 17.00–00.00  | Senin 17.00–00.00  | Selasa 17.00–00.00 ,,-7.0354066,110.4690581,0856-2751-314,,bakmi
"BAKSO & MIE AYAM ""PREMIER"" UNDIP","Jl. Prof. Soedarto No.16, Tembalang, Kec. Tembalang, Kota Semarang, Jawa Tengah 50275",Restoran Bakso,4.3,5,76.0,Rabu 10.00–22.30  | Kamis 10.00–22.30  | Jumat 10.00–22.30  | Sabtu 10.00–22.30  | Minggu 10.00–22.30  | Senin 10.00–22.30  | Selasa 10.00–22.30 ,Rp 1–25.000,-7.0558777,110.4378231,0812-5954-9071,,bakmi
Bakmi Jowo Sederhana,"Jl. Tegal Kangkung 14 No.224, Kedungmundu, Kec. Tembalang, Kota Semarang, Jawa Tengah 50273",Restoran Mie,4.3,5,4.0,Rabu 18.00–00.00  | Kamis 18.00–00.00  | Jumat 18.00–00.00  | Sabtu 18.00–00.00  | Minggu 18.00–00.00  | Senin 18.00–00.00  | Selasa 18.00–00.00 ,,-7.0232436,110.4689316,,,bakmi
Bakmi Jowo Pak Harno,"WFQ7+R2R, Meteseh, Kec. Tembalang, Kota Semarang, Jawa Tengah 50271",Restoran Mie,4.2,5,5.0,Rabu 17.00–02.00  | Kamis 17.00–02.00  | Jumat 17.00–02.00  | Sabtu 17.00–02.00  | Minggu 17.00–02.00  | Senin 17.00–02.00  | Selasa 17.00–02.00 ,Rp 1–25.000,-7.0603807,110.4625198,,,bakmi
Bakmi surabaya mas gondrong,"Klipang blok R 7 No.7, RT.05/RW.06, Sendangmulyo, Kec. Tembalang, Kota Semarang, Jawa Tengah 50272",,4.5,5,8.0,Rabu 17.00–00.00  | Kamis 17.00–00.00  | Jumat 17.00–00.00  | Sabtu 17.00–00.00  | Minggu 17.00–00.00  | Senin 17.00–00.00  | Selasa 17.00–00.00 ,,-7.0457934,110.480462,0813-2622-3276,,bakmi
"Bakmi Suroboyo,cak Kumis_Gg.Nirwanasari 1/24,Tembalang,kota Semarang,Jawa Tengah 50275","WCQQ+M8C, Gg. Nirwana Sari I, Tembalang, Kec. Tembalang, Kota Semarang, Jawa Tengah 50275",Restoran,3.4,5,,Rabu 03.20–12.15  | Kamis 03.20–12.15  | Jumat 03.20–12.15  | Sabtu 03.20–12.15  | Minggu 03.20–12.15  | Senin 03.20–12.15  | Selasa 03.20–12.15 ,,-7.0608144,110.4382649,0857-2717-0046,,bakmi
Bakmi Jowo mas Karyo,"XF99+X3F, Jl. Wanamukti, Sendangmulyo, Kec. Tembalang, Kota Semarang, Jawa Tengah 50272",Restoran Mie,4.6,5,5.0,Rabu 11.00–21.00  | Kamis 11.00–21.00  | Jumat 11.00–21.00  | Sabtu 11.00–21.00  | Minggu 11.00–21.00  | Senin 11.00–21.00  | Selasa 11.00–21.00 ,Rp 1–25.000,-7.0300511,110.4676651,,,bakmi
Kedai Mie Aceh Pidie 2018,"Jl. Dinar Elok Raya No.9 Blok B, Meteseh, Kec. Tembalang, Kota Semarang, Jawa Tengah 50271",Restoran Mie,4.7,5,214.0,Rabu 11.00–23.00  | Kamis 11.00–23.00  | Jumat Tutup  | Sabtu 11.00–23.00  | Minggu 11.00–23.00  | Senin 11.00–23.00  | Selasa 11.00–23.00 ,Rp 1–25.000,-7.0602497,110.4692322,0821-3877-8133,,bakmi
Bakmi Jowo Pak No,"XFG6+25P, Sambiroto, Kec. Tembalang, Kota Semarang, Jawa Tengah 50276",Restoran Mie,3.8,5,4.0,Rabu 04.00–01.00  | Kamis 04.00–01.00  | Jumat 04.00–01.00  | Sabtu 04.00–01.00  | Minggu 04.00–01.00  | Senin 04.00–01.00  | Selasa 04.00–01.00 ,,-7.0249203,110.4604521,0857-9916-0449,,bakmi
Mie Kopyok dan Mie Ayam Seger Pak Tris,"WFV7+38W, Jl. Profesor Suharso, Meteseh, Kec. Tembalang, Kota Semarang, Jawa Tengah 50277",Restoran Mie,4.4,5,227.0,Rabu 09.00–19.30  | Kamis 09.00–19.30  | Jumat 09.00–19.30  | Sabtu Tutup  | Minggu 09.00–19.30  | Senin 09.00–19.30  | Selasa 09.00–19.30 ,Rp 1–25.000,-7.0572633,110.463325,0815-7558-0579,,bakmi
Bakmi Jowo Pak triss,"XFQ3+RXP, Sendangguwo, Kec. Tembalang, Kota Semarang, Jawa Tengah 50273",Restoran Keluarga,5.0,5,2.0,Rabu 17.30–00.00  | Kamis 17.30–00.00  | Jumat 17.30–00.00  | Sabtu 17.30–00.00  | Minggu 17.30–00.00  | Senin 17.30–00.00  | Selasa 17.30–00.00 ,,-7.0103726,110.4549305,0812-2518-0163,,bakmi
"Mie Ayam & Bakso Barokah pak ndut""Wong Wonogiri""","Jl. Raya Mangun Harjo, Mangunharjo, Kec. Tembalang, Kota Semarang, Jawa Tengah 50272",Restoran Mie,4.7,5,108.0,Rabu 11.00–21.00  | Kamis Tutup  | Jumat 12.30–21.00  | Sabtu 11.00–21.00  | Minggu 11.30–21.00  | Senin 11.00–21.00  | Selasa 11.00–21.00 ,Rp 1–25.000,-7.0440841,110.4607983,0819-0978-3837,,bakmi
Warung TUMAN - Nasi Goreng & Bakmi Tuman,"Meteseh, Kec. Tembalang, Kota Semarang, Jawa Tengah 50271",Restoran Nasi Goreng,5.0,5,12.0,Rabu 17.00–22.00  | Kamis 17.00–22.00  | Jumat 17.00–22.00  | Sabtu 17.00–22.00  | Minggu 17.00–22.00  | Senin 17.00–22.00  | Selasa 17.00–22.00 ,,-7.0532611,110.4776654,,,bakmi
Bakmi Jowo Pak Sis - Meteseh,"Jl. Bukit Klp. Gading I No.32, Meteseh, Kec. Tembalang, Kota Semarang, Jawa Tengah 50271",Restoran Mie,5.0,5,1.0,Rabu 17.00–00.00  | Kamis 17.00–00.00  | Jumat 17.00–00.00  | Sabtu 17.00–00.00  | Minggu 17.00–00.00  | Senin 17.00–00.00  | Selasa 17.00–00.00 ,,-7.0657509,110.4598198,0822-2096-6500,,bakmi
Pondok Bakmi Jowo Siper,"Jl. kd.mundu No.12, Kedungmundu, Kec. Tembalang, Kota Semarang, Jawa Tengah 50276",Restoran,4.7,5,3.0,Rabu 17.00–00.00  | Kamis 17.00–00.00  | Jumat 17.00–00.00  | Sabtu 17.00–00.00  | Minggu 17.00–00.00  | Senin 17.00–00.00  | Selasa 17.00–00.00 ,,-7.0222396,110.4575887,0896-3533-3539,,bakmi
"Bakmi Jowo ""RiLEX"" Nasi Goreng","Jalan Kedung Mundu Raya No.23B, Sambiroto, Tembalang, Kedungmundu, Kec. Tembalang, Kota Semarang, Jawa Tengah 50274",Restoran Nasi Goreng,4.4,5,21.0,Rabu 19.00–21.00  | Kamis 19.00–21.00  | Jumat 19.00–21.00  | Sabtu 19.00–21.00  | Minggu 19.00–21.00  | Senin 19.00–21.00  | Selasa 19.00–21.00 ,,-7.0185164,110.4557624,,,bakmi
Mie Ayam & Bakso (Mibuli) Pak Rudi,"Kramas, Kec. Tembalang, Kota Semarang, Jawa Tengah 50278",Restoran Mie,4.9,5,32.0,Rabu 11.30–21.00  | Kamis 11.30–21.00  | Jumat 11.30–21.00  | Sabtu 11.30–21.00  | Minggu 11.30–21.00  | Senin 11.30–21.00  | Selasa 11.30–21.00 ,Rp 1–25.000,-7.0675213,110.4390495,,,bakmi
Pondok Bakmi Surabaya Cakdul Meteseh,"WFQ6+JWG, WFV7+46GJl. Bukit Kencana, JayaMeteseh, Kec. Tembalang, Kota Semarang, Jawa Tengah 50277",,5.0,5,2.0,,,-7.0609342,110.462336,,,bakmi
Bakmi dan Nasi Goreng Pak Har,"WCMP+5WR, Jl. Mulawarman Raya, Kramas, Kec. Tembalang, Kota Semarang, Jawa Tengah 50278",Restoran,5.0,5,2.0,Rabu 18.00–23.00  | Kamis 18.00–23.00  | Jumat 18.00–23.00  | Sabtu 18.00–23.00  | Minggu 18.00–23.00  | Senin 18.00–23.00  | Selasa 18.00–23.00 ,,-7.0670027,110.4372537,,,bakmi
Mie Ayam Cakar Dan Bakso Dosis,"Jalan Sigar Bencah, Meteseh, Kec. Tembalang, Kota Semarang, Jawa Tengah 50277",Restoran Bakso,4.1,5,402.0,Rabu 09.30–21.30  | Kamis 09.30–21.30  | Jumat 09.30–21.30  | Sabtu 09.30–21.30  | Minggu 09.30–21.30  | Senin 09.30–21.30  | Selasa 09.30–21.30 ,Rp 1–25.000,-7.0575114,110.4625345,0856-4009-0771,,bakmi
Bakso & Mie Ayam PRASOJO,"Jalan Imam Suprapto, Bulusan, Tembalang, Meteseh, Kec. Tembalang, Kota Semarang, Jawa Tengah 50277",Restoran cepat saji,4.4,5,393.0,Rabu 09.30–22.00  | Kamis 09.30–22.00  | Jumat 09.30–22.00  | Sabtu 09.30–22.00  | Minggu 09.30–22.00  | Senin 09.30–22.00  | Selasa 09.30–22.00 ,Rp 1–25.000,-7.0572757,110.4628807,0857-5114-4105,,bakmi
Bakmi Jowo mas Karyo,"XF99+X3F, Jl. Wanamukti, Sendangmulyo, Kec. Tembalang, Kota Semarang, Jawa Tengah 50272",Restoran Mie,4.6,5,5.0,Rabu 11.00–21.00  | Kamis 11.00–21.00  | Jumat 11.00–21.00  | Sabtu 11.00–21.00  | Minggu 11.00–21.00  | Senin 11.00–21.00  | Selasa 11.00–21.00 ,Rp 1–25.000,-7.0300511,110.4676651,,,bakmi
"Bakmi Jowo ""RiLEX"" Nasi Goreng","Jalan Kedung Mundu Raya No.23B, Sambiroto, Tembalang, Kedungmundu, Kec. Tembalang, Kota Semarang, Jawa Tengah 50274",Restoran Nasi Goreng,4.4,5,21.0,Rabu 19.00–21.00  | Kamis 19.00–21.00  | Jumat 19.00–21.00  | Sabtu 19.00–21.00  | Minggu 19.00–21.00  | Senin 19.00–21.00  | Selasa 19.00–21.00 ,,-7.0185164,110.4557624,,,bakmi
Warung Bakmi Dan Nasi Goreng Mas MR,"WCPV+66W, Jl. Gondang Timur IV, Bulusan, Kec. Tembalang, Kota Semarang, Jawa Tengah 50277",Restoran cepat saji,4.8,5,5.0,,Rp 1–25.000,-7.0643802,110.4430825,0857-2870-8081,,bakmi
BAKMI DD,"Jl. Gondang Raya No.16, RT.3/RW.1, Bulusan, Kec. Tembalang, Kota Semarang, Jawa Tengah 50275",Rumah Makan,5.0,5,8.0,Rabu 10.00–23.00  | Kamis 10.00–23.00  | Jumat 10.00–23.00  | Sabtu 10.00–23.00  | Minggu 10.00–23.00  | Senin 10.00–23.00  | Selasa 10.00–23.00 ,,-7.0617403,110.441422,0857-1260-0393,,bakmi
Kedai Tinari,"Jl. Sawunggaling III No.44, Pedalangan, Kec. Banyumanik, Kota Semarang, Jawa Tengah 50268",Restoran,4.9,5,2558.0,Rabu 11.00–21.00  | Kamis 11.00–21.00  | Jumat 11.00–21.00  | Sabtu 11.00–21.00  | Minggu 11.00–21.00  | Senin 11.00–21.00  | Selasa 11.00–21.00 ,Rp 25.000–50.000,-7.0694211,110.4324329,,,bakmi
Bakmi jowo seger,"XFP2+M5R, Jl. Kedungmundu, Kedungmundu, Kec. Tembalang, Kota Semarang, Jawa Tengah 50273",Disimpan,5.0,5,1.0,Rabu 17.00–01.00  | Kamis 17.00–01.00  | Jumat 17.00–01.00  | Sabtu 17.00–01.00  | Minggu 17.00–01.00  | Senin 17.00–01.00  | Selasa 17.00–01.00 ,,-7.0132647,110.4503938,,,bakmi
"Mie Ayam & Bakso Barokah pak ndut""Wong Wonogiri""","Jl. Raya Mangun Harjo, Mangunharjo, Kec. Tembalang, Kota Semarang, Jawa Tengah 50272",Restoran Mie,4.7,5,108.0,Rabu 11.00–21.00  | Kamis Tutup  | Jumat 12.30–21.00  | Sabtu 11.00–21.00  | Minggu 11.30–21.00  | Senin 11.00–21.00  | Selasa 11.00–21.00 ,Rp 1–25.000,-7.0440841,110.4607983,0819-0978-3837,,bakmi
Mie Ayam Bang As'ad Tirto Agung Tembalang,"Jl. Tirto Agung No.62, Pedalangan, Kec. Tembalang, Kota Semarang, Jawa Tengah 50275",Kedai Sarapan & Makan Siang,4.6,5,5.0,Rabu 11.00–20.00  | Kamis 11.00–20.00  | Jumat 11.00–20.00  | Sabtu 11.00–20.00  | Minggu 11.30–19.30  | Senin Tutup  | Selasa 11.30–19.30 ,,-7.0597057,110.4272561,0813-5723-6966,,bakmi
Nasi Goreng dan Bakmi Jowo Doa Ibu,"Jl. Sambiroto Raya No.82-80, Sambiroto, Kec. Tembalang, Kota Semarang, Jawa Tengah 50276",Restoran Nasi Goreng,4.7,5,6.0,Rabu 17.00–02.00  | Kamis 17.00–02.00  | Jumat 17.00–02.00  | Sabtu 17.00–02.00  | Minggu 17.00–02.00  | Senin 17.00–02.00  | Selasa 17.00–02.00 ,,-7.0272921,110.4592809,0823-3783-7795,,bakmi
Mie Ayam & Bakso (Mibuli) Pak Rudi,"Kramas, Kec. Tembalang, Kota Semarang, Jawa Tengah 50278",Restoran Mie,4.9,5,32.0,Rabu 11.30–21.00  | Kamis 11.30–21.00  | Jumat 11.30–21.00  | Sabtu 11.30–21.00  | Minggu 11.30–21.00  | Senin 11.30–21.00  | Selasa 11.30–21.00 ,Rp 1–25.000,-7.0675213,110.4390495,,,bakmi
Mie Ayam 19,"Jl. Klipang Raya Blk. OI No.12, Sendangmulyo, Kec. Tembalang, Kota Semarang, Jawa Tengah 50272",Restoran Mie,4.9,5,59.0,Rabu 12.00–20.00  | Kamis 12.00–20.00  | Jumat 12.00–20.00  | Sabtu 12.00–20.00  | Minggu Tutup  | Senin 12.00–20.00  | Selasa 12.00–20.00 ,Rp 1–25.000,-7.0444584,110.4790194,,,bakmi
Warung Bakmi Jowo Mas Tri,"Jl. Gondang Raya No.5, Bulusan, Kec. Tembalang, Kota Semarang, Jawa Tengah 50275",,5.0,5,2.0,,,-7.0611076,110.4418391,,,bakmi
"Mie Ayam & Bakso ""Sadam""","Jl. Fatmawati No.258D, Kedungmundu, Kec. Tembalang, Kota Semarang, Jawa Tengah 50273",Restoran Indonesia,4.1,5,294.0,Rabu 10.00–21.00  | Kamis 10.00–21.00  | Jumat 10.00–21.00  | Sabtu 10.00–21.00  | Minggu 10.00–21.00  | Senin 10.00–21.00  | Selasa 10.00–21.00 ,Rp 1–25.000,-7.0246298,110.4684114,,,bakmi
Mie Ayam Bakso Tunggal Rasa,"Jl. Fatmawati Jl. Tegal Kangkung X No.118, Kedungmundu, Kec. Tembalang, Kota Semarang, Jawa Tengah 50192",Restoran Bakso,4.6,5,465.0,Rabu 12.00–21.00  | Kamis 12.00–21.00  | Jumat 12.00–21.00  | Sabtu 12.00–21.00  | Minggu 12.00–21.00  | Senin 12.00–21.00  | Selasa 12.00–21.00 ,Rp 1–25.000,-7.023252,110.4687832,0813-3357-5783,,bakmi
Bakso Daging Sapi & Mie Ayam Bang Satrio,"Jl. Sambiroto Raya No.85, Sambiroto, Kec. Tembalang, Kota Semarang, Jawa Tengah 50276",Restoran Mie,4.4,5,623.0,Rabu 10.00–21.00  | Kamis 10.00–21.00  | Jumat 10.00–21.00  | Sabtu 10.00–21.00  | Minggu 10.00–21.00  | Senin 10.00–21.00  | Selasa 10.00–21.00 ,Rp 25.000–50.000,-7.0277305,110.4595246,0857-2597-8377,,bakmi
Bakso Dan Mie Ayam Sadam,"XF4F+GXG, Jl. Bukit Bougenvile Raya, Sendangmulyo, Kec. Tembalang, Kota Semarang, Jawa Tengah 50272",Disimpan,4.4,5,1141.0,Rabu 10.00–21.00  | Kamis 10.00–21.00  | Jumat 10.00–21.00  | Sabtu 10.00–21.00  | Minggu 10.00–21.00  | Senin 10.00–21.00  | Selasa 10.00–21.00 ,Rp 1–25.000,-7.0436772,110.4749614,,,bakmi
"Bakmi Jowo & Nasi Goreng ""Kang Gepeng""","Jl. Banjarsari Selatan No.51-55, Bulusan, Kec. Tembalang, Kota Semarang, Jawa Tengah 50268",,4.6,5,7.0,,,-7.0627043,110.435862,,,bakmi
Bakmi & Nasgor Mas Hendrik,"Bulusan, Kec. Tembalang, Kota Semarang, Jawa Tengah 50277",,5.0,5,1.0,,,-7.0608614,110.4453777,0823-2418-2407,,bakmi
Mie Ayam Bakso Bu Rini Sirojudin,"Jl. KH. Sirojudin No.25, Tembalang, Kec. Tembalang, Kota Semarang, Jawa Tengah 50275",Restoran Bakso,4.5,5,33.0,Rabu 10.30–22.00  | Kamis 10.30–22.00  | Jumat 10.30–22.00  | Sabtu 10.30–22.00  | Minggu 10.30–22.00  | Senin 10.30–22.00  | Selasa 10.30–22.00 ,Rp 1–25.000,-7.0575124,110.4353085,,,bakmi
Nasi Goreng & Bakmi Jawa Manggala,"Jl. Bukit Bougenvil Raya No.8, Sendangmulyo, Kec. Tembalang, Kota Semarang, Jawa Tengah 50272",Restoran,5.0,5,1.0,Rabu 07.00–00.48  | Kamis 07.00–00.48  | Jumat 07.00–00.48  | Sabtu 07.00–00.48  | Minggu 07.00–00.48  | Senin 07.00–00.48  | Selasa 07.00–00.48 ,,-7.0443051,110.474609,0852-2018-0662,,bakmi
Bakmi Djowo 14,"Jl. Sendang Dahlia No.10, Sendangguwo, Kec. Tembalang, Kota Semarang, Jawa Tengah 50273",Restoran,4.9,5,,Rabu 11.00–21.00  | Kamis 11.00–21.00  | Jumat 11.00–21.00  | Sabtu 11.00–21.00  | Minggu 10.00–21.00  | Senin 11.00–21.00  | Selasa 11.00–21.00 ,,-7.0157538,110.4632604,0895-3279-86605,,bakmi
"Bakmi Jawa ""Mbah No""","Jl. Mulawarman Sel. II No.15, Kramas, Kec. Tembalang, Kota Semarang, Jawa Tengah 50278",,5.0,5,,,,-7.0699334,110.439127,,,bakmi
Mie Ayam Ceker bakso urat dan halus tunggal rasa pak gondo,"Jl. Sambiroto Raya No.74, Sambiroto, Kec. Tembalang, Kota Semarang, Jawa Tengah 50276",Restoran Mie,4.6,5,119.0,Rabu 11.00–21.00  | Kamis 11.00–21.00  | Jumat 11.00–21.00  | Sabtu 11.00–21.00  | Minggu 11.00–21.00  | Senin 11.00–21.00  | Selasa 11.00–21.00 ,Rp 1–25.000,-7.02682,110.4593311,0813-2654-6475,,bakmi
Aspro Mie Ayam Wonogiri,"Jl. Gayamsari Selatan Raya No.2, Sendangguwo, Kec. Tembalang, Kota Semarang, Jawa Tengah 50273",Restoran Mie,5.0,5,35.0,Rabu 11.00–21.00  | Kamis 11.00–21.00  | Jumat 11.00–21.00  | Sabtu 11.00–21.00  | Minggu 11.00–21.00  | Senin 11.00–21.00  | Selasa 11.00–21.00 ,,-7.0074668,110.4499265,0895-3930-90901,,bakmi
Bakmi & Nasi goreng Pak Ndut Sendangguwo,"XFM4+76V, Jl. Sendangguwo Selatan Baru II, Sendangguwo, Kec. Tembalang, Kota Semarang, Jawa Tengah 50273",,4.0,5,7.0,Rabu Buka 24 jam  | Kamis Buka 24 jam  | Jumat Buka 24 jam  | Sabtu Buka 24 jam  | Minggu Buka 24 jam  | Senin Buka 24 jam  | Selasa Buka 24 jam ,,-7.016775,110.4555411,0878-2735-5940,,bakmi
Mie Ayam Mbak Mur,"WFPJ+GH9, Jl Makam Mbah Tego, Rowosari, Kec. Tembalang, Kota Semarang, Jawa Tengah 50279",Restoran Mie,4.6,5,17.0,Rabu 08.59–21.00  | Kamis 08.59–21.00  | Jumat 08.59–21.00  | Sabtu 08.59–21.00  | Minggu 08.59–21.00  | Senin 08.59–21.00  | Selasa 08.59–21.00 ,,-7.0637188,110.4814867,,,bakmi
Bakso Mie Ayam Adiroso Tembalang,"Tembalang, Kec. Tembalang, Kota Semarang, Jawa Tengah 50275",Lihat foto,4.0,5,4.0,Rabu 11.00–23.00  | Kamis 11.00–23.00  | Jumat 11.00–23.00  | Sabtu 11.00–23.00  | Minggu 11.00–23.00  | Senin 11.00–23.00  | Selasa 11.00–23.00 ,,-7.0539344,110.4316041,0823-2625-2234,,bakmi
Mie Ayam Bakso Pak Ndut,"Jl. Ngesrep Tim. V No.5, Sumurboto, Kec. Tembalang, Kota Semarang, Jawa Tengah 50269",Restoran Bakso,4.0,5,21.0,Rabu 10.00–22.00  | Kamis 10.00–22.00  | Jumat 10.00–22.00  | Sabtu 10.00–22.00  | Minggu 11.00–21.30  | Senin 10.00–22.00  | Selasa 10.00–22.00 ,Rp 1–25.000,-7.0498649,110.4217628,0821-3439-7139,,bakmi
Bakmi Jawa Mas Aris (Solo),"XF89+J2V, Sendangmulyo, Kec. Tembalang, Kota Semarang, Jawa Tengah 50272",,4.6,5,,Rabu 06.00–23.00  | Kamis 06.00–23.00  | Jumat 06.00–23.00  | Sabtu 06.00–23.00  | Minggu 06.00–23.00  | Senin 06.00–23.00  | Selasa 06.00–23.00 ,,-7.0333811,110.4675417,0819-1233-1106,,bakmi
Stay With Mie - Story #1 Sambiroto,"Jl. Sambiroto VII No.15B, Sambiroto, Kec. Tembalang, Kota Semarang, Jawa Tengah 50272",Restoran cepat saji,4.9,5,20.0,,Rp 1–25.000,-7.0285758,110.4604315,0819-1251-0666,,bakmi
Bakso Beranak & Mie Ayam Bang Jarwo,"XF95+XGR, Jalan Sambiroto, Samping Aneka Jaya, Kel Sambiroto Kec Tembalang, Sambiroto, Kec. Tembalang, Kota Semarang, Jawa Tengah 50276",Restoran Mie,4.6,5,155.0,Rabu 09.00–14.23  | Kamis 09.00–14.23  | Jumat 09.00–14.23  | Sabtu 09.00–14.23  | Minggu 09.00–14.23  | Senin 09.00–14.23  | Selasa 09.00–14.23 ,Rp 1–25.000,-7.030014,110.458759,0821-3976-1470,,bakmi
Pondok bakmi pak is,"Jl. Gendong Raya No.126, Sendangmulyo, Kec. Tembalang, Kota Semarang, Jawa Tengah 50272",Restoran,5.0,5,6.0,,Rp 1–25.000,-7.0376628,110.4682639,0858-0350-9367,,bakmi
Mie Ayam Mulawarman Pak Radi,"WCMP+6WC, Jl. Mulawarman Raya, Kramas, Kec. Tembalang, Kota Semarang, Jawa Tengah 50278",Restoran Indonesia,5.0,5,19.0,Rabu 14.00–20.00  | Kamis 14.00–20.00  | Jumat 14.00–20.00  | Sabtu 14.00–20.00  | Minggu 14.00–20.00  | Senin 14.00–20.00  | Selasa 14.00–20.00 ,Rp 1–25.000,-7.0669307,110.4372699,0822-2085-6237,,bakmi
Nasgor dan bakmi Jawa sidodadi,"XFP2+H65, Jl. Kedungmundu, Sendangguwo, Kec. Tembalang, Kota Semarang, Jawa Tengah 50274",Rumah Makan,5.0,5,,Rabu 17.00–02.00  | Kamis 17.00–02.00  | Jumat 17.00–02.00  | Sabtu 17.00–02.00  | Minggu 17.00–02.00  | Senin 17.00–02.00  | Selasa 17.00–02.00 ,,-7.013611,110.4505969,0877-7929-0995,,bakmi
Nara Ramen Semarang & Waroeng Tokyo,"Jl. Jatimulyo No.12, Pedalangan, Kec. Banyumanik, Kota Semarang, Jawa Tengah 50268",Restoran Jepang,4.8,5,645.0,Rabu 11.00–23.00  | Kamis 11.00–23.00  | Jumat 11.00–23.00  | Sabtu 11.00–23.00  | Minggu 11.00–23.00  | Senin 11.00–23.00  | Selasa 11.00–23.00 ,Rp 25.000–50.000,-7.0556067,110.4326558,0851-7688-3631,,ramen
Waroeng Tokyo - Tembalang Semarang,"Jl. Banjarsari No.24, Tembalang, Kec. Tembalang, Kota Semarang, Jawa Tengah 50275",Restoran,4.7,5,350.0,Rabu 09.30–22.00  | Kamis 09.30–22.00  | Jumat 09.30–22.00  | Sabtu 09.30–22.00  | Minggu 09.30–22.00  | Senin 09.30–22.00  | Selasa 09.30–22.00 ,Rp 25.000–50.000,-7.0592585,110.4378566,0851-3877-6559,,ramen
Nagoya Ramen & Sushi,"Jl. KH. Sirojudin No.22A, Tembalang, Kec. Tembalang, Kota Semarang, Jawa Tengah 50275",Restoran Jepang,4.2,5,411.0,Rabu 09.00–21.00  | Kamis 09.00–21.00  | Jumat 09.00–21.00  | Sabtu 09.00–21.00  | Minggu 09.00–21.00  | Senin 09.00–21.00  | Selasa 09.00–21.00 ,Rp 1–25.000,-7.0571796,110.435635,0815-1602-220,,ramen
RAMENDOMI TEMBALANG,"Jl. Mulawarman Tim. Dalam No.78, Bulusan, Kec. Tembalang, Kota Semarang, Jawa Tengah 50278",Toko Makanan Jepang,4.7,5,21.0,Rabu 15.00–23.00  | Kamis 15.00–23.00  | Jumat 15.00–23.00  | Sabtu 15.00–23.00  | Minggu 15.00–23.00  | Senin 15.00–23.00  | Selasa 15.00–23.00 ,Rp 1–25.000,-7.0687805,110.4442019,0822-2598-2098,,ramen
Mizu Ramen,"Jl. Timoho Raya, Bulusan, Kec. Tembalang, Kota Semarang, Jawa Tengah 50272",Restoran Mie,5.0,5,14.0,Rabu 15.00–21.00  | Kamis 15.00–21.00  | Jumat 15.00–21.00  | Sabtu 15.00–21.00  | Minggu 15.00–21.00  | Senin 15.00–21.00  | Selasa 15.00–21.00 ,Rp 1–25.000,-7.0601939,110.4425671,0813-9190-9666,,ramen
Joffi Ramen Durian Raya Semarang,"Ruko Durian. 71, Jl. Durian Raya No.RT 08, RW I, Pedalangan, Kec. Banyumanik, Kota Semarang, Jawa Tengah 50268",Restoran Ramen,4.7,5,693.0,Rabu 10.00–22.00  | Kamis 10.00–22.00  | Jumat 10.00–22.00  | Sabtu 10.00–22.00  | Minggu 10.00–22.00  | Senin 10.00–22.00  | Selasa 10.00–22.00 ,Rp 25.000–50.000,-7.0648377,110.4268563,,,ramen
Joffi Ramen Sambiroto,"Sambiroto, Kec. Tembalang, Kota Semarang, Jawa Tengah",Restoran Ramen,4.8,5,499.0,,Rp 25.000–50.000,-7.0294678,110.4589629,,,ramen
SHOYU JAPANESE FOOD - KLIPANG,"Ruko Klipang Niaga No.3, Sendangmulyo, Kec. Tembalang, Kota Semarang, Jawa Tengah 50272",Restoran Jepang,4.2,5,84.0,Rabu 11.00–21.30  | Kamis 11.00–21.30  | Jumat 11.00–21.30  | Sabtu 11.00–21.30  | Minggu 11.00–21.30  | Senin 11.00–21.00  | Selasa 11.00–21.30 ,Rp 25.000–50.000,-7.0422985,110.4794225,0822-5888-8087,,ramen
Enake Japanese Food Kedungmundu,"Jl. Kedungmundu No.250, Kedungmundu, Kec. Tembalang, Kota Semarang, Jawa Tengah 50273",Restoran Jepang,4.3,5,533.0,,Rp 25.000–50.000,-7.0226074,110.458246,0857-0469-2150,,ramen
Shojin Ramen & Udon Semarang,"Jl. Wolter Monginsidi No.645, Pedurungan Tengah, Kec. Pedurungan, Kota Semarang, Jawa Tengah 50192",Restoran Ramen,4.4,5,495.0,Rabu 12.00–21.30  | Kamis 12.00–21.30  | Jumat 12.00–21.30  | Sabtu 12.00–21.30  | Minggu 12.00–21.30  | Senin 12.00–21.30  | Selasa 12.00–21.30 ,Rp 25.000–50.000,-7.0021789,110.4712109,0821-2490-8127,,ramen
Pak MOE Katsu dan Mie Ramen,"Jl. Klipang Raya, Sendangmulyo, Kec. Tembalang, Kota Semarang, Jawa Tengah 50272",Restoran,5.0,5,3.0,Rabu 15.30–21.00  | Kamis 15.30–21.00  | Jumat 15.30–21.00  | Sabtu 15.30–21.00  | Minggu Tutup  | Senin 15.30–21.00  | Selasa 15.30–21.00 ,,-7.0376688,110.4791277,0812-2509-7097,,ramen
"Takoyaki Pekoo Pekoo, Unimus","Jl. Fatmawati No.177, Kedungmundu, Kec. Tembalang, Kota Semarang, Jawa Tengah 50246",Restoran Jepang,5.0,5,54.0,Rabu 14.30–22.15  | Kamis 14.30–22.15  | Jumat 14.30–22.15  | Sabtu 14.30–22.15  | Minggu 14.30–22.15  | Senin 14.30–22.15  | Selasa 14.30–22.15 ,Rp 25.000–50.000,-7.0236276,110.4683509,0895-2706-0066,,ramen
Nori House,"XF8F+FFR, Jl. Perumahan Ketileng Indah, Sendangmulyo, Kec. Tembalang, Kota Semarang, Jawa Tengah 50272",Restoran,4.8,5,25.0,Rabu 10.30–21.00  | Kamis 10.30–21.00  | Jumat 10.30–21.00  | Sabtu 10.30–21.00  | Minggu 10.30–21.00  | Senin 10.30–21.00  | Selasa 10.30–21.00 ,,-7.033755,110.4736284,,,ramen
Warung Katsu J-pan,"Jl. Banjarsari No.29, Tembalang, Kec. Tembalang, Kota Semarang, Jawa Tengah 50275",Restoran Jepang,4.7,5,21.0,Rabu 10.00–19.30  | Kamis 10.00–19.30  | Jumat 10.00–19.30  | Sabtu 10.00–19.30  | Minggu Tutup  | Senin 10.00–19.30  | Selasa 10.00–19.30 ,Rp 1–25.000,-7.0597621,110.4385803,,,ramen
Shojin Ramen & Udon Kelud Semarang,"Jl. Kelud Raya No.32a, Sampangan, Kec. Gajahmungkur, Kota Semarang, Jawa Tengah 50327",Restoran Ramen,4.6,5,625.0,Rabu 11.00–21.30  | Kamis 11.00–21.30  | Jumat 11.00–21.30  | Sabtu 11.00–21.30  | Minggu 11.00–21.30  | Senin 11.00–21.30  | Selasa 11.00–21.30 ,Rp 25.000–50.000,-7.0041716,110.3985476,,,ramen
YOHIKI MIE AYAM,"Jl. Mulawarman, Bulusan, Kec. Tembalang, Kota Semarang, Jawa Tengah 50275",Restoran,5.0,5,85.0,Rabu 11.00–23.00  | Kamis 11.00–23.00  | Jumat 11.00–23.00  | Sabtu 11.00–23.00  | Minggu Tutup  | Senin 11.00–23.00  | Selasa 11.00–23.00 ,Rp 1–25.000,-7.0673631,110.439052,0821-3224-5915,,ramen
Golden Geisha Semarang,"Jl. Gajahmada No.123, Pekunden, Kec. Semarang Tengah, Kota Semarang, Jawa Tengah 50134",Restoran Ramen,4.8,5,1210.0,Rabu 11.00–15.00 17.00–21.00  | Kamis 11.00–15.00 17.00–21.00  | Jumat 11.00–15.00 17.00–21.00  | Sabtu 11.00–15.00 17.00–21.00  | Minggu 11.00–15.00 17.00–21.00  | Senin 11.00–15.00 17.00–21.00  | Selasa 11.00–15.00 17.00–21.00 ,Rp 50.000–75.000,-6.9863945,110.4219296,,,ramen
Warung Wasabi,"Jalan Tirto Agung No. 77 Pedalangan Tembalang, Pedalangan, Kec. Banyumanik, Kota Semarang, Jawa Tengah 50268",Restoran Jepang,4.4,5,2756.0,,Rp 25.000–50.000,-7.0602844,110.4275742,0818-240-538,,ramen
Yuyake Ramen Ketileng,"Jl. Ketileng Raya No.15, Sendangmulyo, Kec. Tembalang, Kota Semarang, Jawa Tengah 50272",Restoran Jepang,5.0,5,14.0,,Rp 1–25.000,-7.0285646,110.4680572,0895-1310-0724,,ramen
Ramen Kakek Jepang,"Jl. Tirto Usodo Tim. No.44, Pedalangan, Kec. Banyumanik, Kota Semarang, Jawa Tengah 50268",Restoran Ramen,3.6,5,32.0,,Rp 1–25.000,-7.0581595,110.4311362,0813-2845-1701,,ramen
KUROGI,"Jl. Ahmad Yani No.167 A lantai 2, Pleburan, Kec. Semarang Sel., Kota Semarang, Jawa Tengah 50241",Lihat foto,4.7,5,2196.0,Rabu 10.00–22.00  | Kamis 10.00–22.00  | Jumat 10.00–22.00  | Sabtu 10.00–22.00  | Minggu 10.00–22.00  | Senin 10.00–22.00  | Selasa 10.00–22.00 ,Rp 75.000–100.000,-6.9928968,110.4279568,0811-2895-157,,ramen
Jojo Ramen,"Jalan Bukit Sari Raya No. R-9, Sumurboto, Banyumanik, Ngesrep, Kec. Banyumanik, Kota Semarang, Jawa Tengah 50269",Restoran Ramen,4.6,5,5.0,Rabu 09.00–21.00  | Kamis 09.00–21.00  | Jumat 09.00–21.00  | Sabtu 09.00–21.00  | Minggu 09.00–21.00  | Senin 09.00–21.00  | Selasa 09.00–21.00 ,,-7.045434,110.4249951,024) 7476900,,ramen
YOHIKI MIE AYAM,"Jl. Mulawarman, Bulusan, Kec. Tembalang, Kota Semarang, Jawa Tengah 50275",Restoran,5.0,5,85.0,Rabu 11.00–23.00  | Kamis 11.00–23.00  | Jumat 11.00–23.00  | Sabtu 11.00–23.00  | Minggu Tutup  | Senin 11.00–23.00  | Selasa 11.00–23.00 ,Rp 1–25.000,-7.0673631,110.439052,0821-3224-5915,,ramen
kedai raisu tembalang,"perum aldi griya permai Jl. Bulusan Sel. No.27, Bulusan, Kec. Tembalang, Kota Semarang, Jawa Tengah 50277",Restoran Jepang,5.0,5,11.0,Rabu 09.00–21.00  | Kamis Tutup  | Jumat 09.00–21.00  | Sabtu 09.00–21.00  | Minggu 09.00–21.00  | Senin 09.00–21.00  | Selasa 09.00–21.00 ,,-7.0638349,110.4475083,0821-3524-8687,,ramen
Nabezo Ramen Dios,"2F93+5FH pujasera) depan Kampus USM, Jl. Malangsari Raya, Tlogosari Kulon, Kec. Pedurungan, Kota Semarang, Jawa Tengah 50196",Restoran Mie,4.5,5,17.0,Rabu 11.00–21.00  | Kamis 11.00–21.00  | Jumat 11.00–21.00  | Sabtu 11.00–21.00  | Minggu 11.00–21.00  | Senin 11.00–21.00  | Selasa 11.00–21.00 ,,-6.9820623,110.4537394,0878-3453-3813,,ramen
Tower Cafe Semarang,"Jl. Banjarsari Selatan No.49B, Tembalang, Kec. Banyumanik, Kota Semarang, Jawa Tengah 50268",Restoran Asia,4.4,5,2470.0,Rabu 10.00–23.15  | Kamis 10.00–23.15  | Jumat 10.00–23.15  | Sabtu 10.00–23.15  | Minggu 10.00–23.15  | Senin 10.00–23.15  | Selasa 10.00–23.15 ,Rp 25.000–50.000,-7.0634046,110.4368014,0812-2780-5578,,ramen
RYORI JAPANESE FOOD,"XFM9+7R5, Jl. Pandan Wangi Raya, Kedungmundu, Kec. Tembalang, Kota Semarang, Jawa Tengah 50273",Restoran,5.0,5,5.0,Rabu 10.00–22.00  | Kamis 10.00–22.00  | Jumat 10.00–17.00  | Sabtu 10.00–22.00  | Minggu 10.00–22.00  | Senin 10.00–22.00  | Selasa 10.00–22.00 ,,-7.0168647,110.4696245,0895-4225-74182,,ramen
Mie Ramen 77,"WCQW+M56, Bulusan, Kec. Tembalang, Kota Semarang, Jawa Tengah 50277",,5.0,5,4.0,,,-7.0608455,110.4453768,0877-2603-3667,,ramen
Warung Wasabi,"Jalan Tirto Agung No. 77 Pedalangan Tembalang, Pedalangan, Kec. Banyumanik, Kota Semarang, Jawa Tengah 50268",Restoran Jepang,4.4,5,2756.0,,Rp 25.000–50.000,-7.0602844,110.4275742,0818-240-538,,ramen
Ramen Kakek Jepang,"Jl. Tirto Usodo Tim. No.44, Pedalangan, Kec. Banyumanik, Kota Semarang, Jawa Tengah 50268",Restoran Ramen,3.6,5,32.0,,Rp 1–25.000,-7.0581595,110.4311362,0813-2845-1701,,ramen
Yuyake Ramen Ketileng,"Jl. Ketileng Raya No.15, Sendangmulyo, Kec. Tembalang, Kota Semarang, Jawa Tengah 50272",Restoran Jepang,5.0,5,14.0,,Rp 1–25.000,-7.0285646,110.4680572,0895-1310-0724,,ramen
Mie Nges Nges,"Jl. Ngesrep Tim. V No.56A, Tembalang, Kec. Banyumanik, Kota Semarang, Jawa Tengah 50275",Restoran Mie,4.5,5,362.0,,Rp 1–25.000,-7.0510301,110.4244418,0813-1312-8685,,ramen
Jajalo,"XF75+88M, Jl. Kompol R Soekanto, Mangunharjo, Kec. Tembalang, Kota Semarang, Jawa Tengah 50276",Restoran Jepang,4.5,5,158.0,,Rp 25.000–50.000,-7.0367544,110.4588423,0813-2852-8825,,ramen
Hakeru Ramen And Bento,"Jl. Sriwijaya No.51a, Wonodri, Kec. Semarang Sel., Kota Semarang, Jawa Tengah 50242",Restoran Ramen,4.6,5,24.0,,,-7.0045923,110.4274688,0852-9365-5545,,ramen
Hakata Ikkousha Semarang,"Jl. Karang Anyar No.53, Brumbungan, Kec. Semarang Tengah, Kota Semarang, Jawa Tengah 50135",Restoran Mie,5.0,5,2660.0,,Rp 50.000–75.000,-6.9813735,110.4273456,0823-2360-5104,,ramen
Wasabi Sushi & Ramen,"Jl. Mgr Sugiyopranoto No.23, Bulustalan, Kec. Semarang Sel., Kota Semarang, Jawa Tengah 50245",Restoran Jepang,4.6,5,2414.0,,Rp 25.000–50.000,-6.9828622,110.4062039,0818-240-538,,ramen
